Compound ID,Minimum Degree,Molecular Weight,Number of H-Bond Donors,Number of Rings,Number of Rotatable Bonds,Polar Surface Area,measured log solubility in mols per litre,smiles
Amigdalin,1,457.43199999999996,7,3,7,202.32,-0.77,OCC3OC(OCC2OC(OC(C#N)c1ccccc1)C(O)C(O)C2O)C(O)C(O)C3O 
Fenfuram,1,201.225,1,2,2,42.24,-3.3,Cc1occc1C(=O)Nc2ccccc2
citral,1,152.237,0,0,4,17.07,-2.06,CC(C)=CCCC(C)=CC(=O)
Picene,2,278.35400000000004,0,5,0,0.0,-7.87,c1ccc2c(c1)ccc3c2ccc4c5ccccc5ccc43
Thiophene,2,84.14299999999999,0,1,0,0.0,-1.33,c1ccsc1
benzothiazole,2,135.191,0,2,0,12.89,-1.5,c2ccc1scnc1c2 
"2,2,4,6,6'-PCB",1,326.437,0,2,1,0.0,-7.32,Clc1cc(Cl)c(c(Cl)c1)c2c(Cl)cccc2Cl
Estradiol,1,272.388,2,4,0,40.46,-5.03,CC12CCC3C(CCc4cc(O)ccc34)C2CCC1O
Dieldrin,1,380.913,0,5,0,12.53,-6.29,ClC4=C(Cl)C5(Cl)C3C1CC(C2OC12)C3C4(Cl)C5(Cl)Cl
Rotenone,1,394.423,0,5,3,63.22,-4.42,COc5cc4OCC3Oc2c1CC(Oc1ccc2C(=O)C3c4cc5OC)C(C)=C 
2-pyrrolidone,1,85.10600000000001,1,1,0,29.1,1.07,O=C1CCCN1
2-Chloronapthalene,1,162.619,0,2,0,0.0,-4.14,Clc1ccc2ccccc2c1
1-Pentene ,1,70.135,0,0,2,0.0,-2.68,CCCC=C
Primidone,1,218.25599999999997,2,2,2,58.2,-2.64,CCC1(C(=O)NCNC1=O)c2ccccc2
Tetradecane,1,198.394,0,0,11,0.0,-7.96,CCCCCCCCCCCCCC
2-Chloropropane,1,78.542,0,0,0,0.0,-1.41,CC(C)Cl
2-Methylbutanol,1,88.15,1,0,2,20.23,-0.47,CCC(C)CO
Benzonitrile,1,103.124,0,1,0,23.79,-1.0,N#Cc1ccccc1
Diazinon,1,304.35200000000003,0,1,7,53.47,-3.64,CCOP(=S)(OCC)Oc1cc(C)nc(n1)C(C)C
2-Undecanol,1,172.312,1,0,8,20.23,-2.94,CCCCCCCCCC(C)O
"2,2',3,4,6-PCB",1,326.437,0,2,1,0.0,-7.43,Clc1ccc(c(Cl)c1)c2c(Cl)ccc(Cl)c2Cl 
Lenacil,1,234.299,1,3,1,54.86,-4.593999999999999,O=c2[nH]c1CCCc1c(=O)n2C3CCCCC3
Phorate,1,260.38599999999997,0,0,8,18.46,-4.11,CCOP(=S)(OCC)SCSCC
Phenacetin,1,179.21900000000002,1,1,3,38.33,-2.35,CCOc1ccc(NC(=O)C)cc1
Dinitramine,1,322.243,1,1,5,115.54,-5.47,CCN(CC)c1c(cc(c(N)c1N(=O)=O)C(F)(F)F)N(=O)=O
1-Heptanol,1,116.204,1,0,5,20.23,-1.81,CCCCCCCO
Theophylline,1,180.167,1,2,0,72.68,-1.39,Cn1c(=O)n(C)c2nc[nH]c2c1=O
Butethal,1,212.24900000000002,2,1,4,75.27,-1.661,CCCCC1(CC)C(=O)NC(=O)NC1=O
"P,P'-DDE",1,318.03,0,2,2,0.0,-6.9,ClC(Cl)=C(c1ccc(Cl)cc1)c2ccc(Cl)cc2
Methyl octanoate,1,158.241,0,0,6,26.3,-3.17,CCCCCCCC(=O)OC
"1,4-Diethylbenzene ",1,134.222,0,1,2,0.0,-3.75,CCc1ccc(CC)cc1
Terbufos,1,288.44,0,0,7,18.46,-4.755,CCOP(=S)(OCC)SCSC(C)(C)C
Phenmedipham,1,300.314,2,2,3,76.66,-4.805,COC(=O)Nc1cccc(OC(=O)Nc2cccc(C)c2)c1
"1,1-Dichloroethylene",1,96.944,0,0,0,0.0,-1.64,ClC(=C)Cl
1-Methylfluorene,1,180.25,0,3,0,0.0,-5.22,Cc1cccc2c1Cc3ccccc32
Valeraldehyde,1,86.134,0,0,3,17.07,-0.85,CCCCC=O
Diphenylamine,2,169.227,1,2,2,12.03,-3.5039999999999996,N(c1ccccc1)c2ccccc2
Fenothiocarb,1,253.36700000000002,0,1,6,29.54,-3.927,CN(C)C(=O)SCCCCOc1ccccc1
Piperophos,1,353.49,0,1,9,38.77,-4.15,CCCOP(=S)(OCCC)SCC(=O)N1CCCCC1C
1-Iodoheptane,1,226.101,0,0,5,0.0,-4.81,CCCCCCCI
3-Chlorobiphenyl,1,188.657,0,2,1,0.0,-4.88,c1c(Cl)cccc1c2ccccc2
4-Pentene-1-ol,1,86.134,1,0,3,20.23,-0.15,OCCCC=C
Cyclobutyl-5-spirobarbituric acid,1,168.15200000000002,2,2,0,75.27,-1.655,O=C2NC(=O)C1(CCC1)C(=O)N2
menthol,1,156.269,1,1,1,20.23,-2.53,CC(C)C1CCC(C)CC1O 
Isopropyl formate,1,88.10600000000001,0,0,2,26.3,-0.63,CC(C)OC=O
2-Heptanol ,1,116.204,1,0,4,20.23,-1.55,CCCCCC(C)O
p-Bromoacetanilide,1,214.062,1,1,1,29.1,-3.083,CC(=O)Nc1ccc(Br)cc1
brompyrazone,1,266.098,1,2,1,60.91,-3.127,c1ccccc1n2ncc(N)c(Br)c2(=O)
nifedipine,1,346.339,1,2,4,107.77,-4.76,COC(=O)C1=C(C)NC(=C(C1c2ccccc2N(=O)=O)C(=O)OC)C 
"2,7-dimethylquinoline",1,157.216,0,2,0,12.89,-1.94,c2c(C)cc1nc(C)ccc1c2 
1-Octyne ,1,110.2,0,0,4,0.0,-3.66,CCCCCCC#C
cyclobarbital,1,236.271,2,2,2,75.27,-2.17,CCC1(C(=O)NC(=O)NC1=O)C2=CCCCC2 
Chrysene,2,228.294,0,4,0,0.0,-8.057,c1ccc2c(c1)ccc3c4ccccc4ccc23
Bromacil,1,261.119,1,1,2,54.86,-2.523,CCC(C)n1c(=O)[nH]c(C)c(Br)c1=O 
"2,2',3,3',5,6-PCB",1,360.88199999999995,0,2,1,0.0,-8.6,Clc1cccc(c1Cl)c2c(Cl)c(Cl)cc(Cl)c2Cl 
2-Methylphenol,1,108.14,1,1,0,20.23,-0.62,Cc1ccccc1O
"2,2,5-Trimethylhexane",1,128.259,0,0,2,0.0,-5.05,CC(C)CCC(C)(C)C
"1,4-Dimethylnaphthalene ",1,156.22799999999998,0,2,0,0.0,-4.14,Cc1ccc(C)c2ccccc12
6-Methylchrysene,1,242.321,0,4,0,0.0,-6.57,Cc1cc2c3ccccc3ccc2c4ccccc14
2-Pentanone,1,86.134,0,0,2,17.07,-0.19,CCCC(=O)C
"2,2',3,3',5,5',6,6'-PCB",1,429.772,0,2,1,0.0,-9.15,Clc1cc(Cl)c(Cl)c(c1Cl)c2c(Cl)c(Cl)cc(Cl)c2Cl 
Methyl butyrate,1,116.16,0,0,3,26.3,-0.82,CCCOC(=O)CC
Triamcinolone,1,394.439,4,4,2,115.06,-3.68,CC34CC(O)C1(F)C(CCC2=CC(=O)C=CC12C)C3CC(O)C4(O)C(=O)CO
p-Aminophenol,1,109.12799999999999,2,1,0,46.25,-0.8,Nc1ccc(O)cc1
Benznidazole,1,260.253,1,2,5,90.06,-2.81,O=C(Cn1ccnc1N(=O)=O)NCc2ccccc2
"Atovaquone(0,430mg/ml) - neutral",1,366.844,1,4,2,54.37,-5.931,OC4=C(C1CCC(CC1)c2ccc(Cl)cc2)C(=O)c3ccccc3C4=O
Trietazine,1,229.715,1,1,5,53.94,-4.06,CCNc1nc(Cl)nc(n1)N(CC)CC
Pyrazinamide,1,123.115,1,1,1,68.87,-0.667,NC(=O)c1cnccn1
Carbromal,1,237.097,2,0,3,72.19,-2.68,CCC(Br)(CC)C(=O)NC(N)=O
"2,2'-PCB",1,223.102,0,2,1,0.0,-5.27,Clc1ccccc1c2ccccc2Cl 
nitrofurantoin,1,238.15900000000002,1,2,3,118.05,-3.38,O=C2CN(N=Cc1ccc(o1)N(=O)=O)C(=O)N2 
Nitrofen,1,284.098,0,2,3,52.37,-5.46,Clc2ccc(Oc1ccc(cc1)N(=O)=O)c(Cl)c2
Camphor,1,152.237,0,2,0,17.07,-1.96,CC1(C)C2CCC1(C)C(=O)C2
5-Allyl-5-phenylbarbital,1,244.25,2,2,3,75.27,-2.369,O=C1NC(=O)NC(=O)C1(CC=C)c1ccccc1
Pentyl propanoate,1,130.187,0,0,4,26.3,-2.25,CCCCC(=O)OCC
Isopentyl acetate,1,130.187,0,0,3,26.3,-1.92,CC(C)CCOC(=O)C
3-Hexanoyloxymethylphenyltoin,1,380.444,1,3,8,75.71,-5.886,O=C1N(COC(=O)CCCCC)C(=O)C(N1)(c2ccccc2)c3ccccc3
"2,3',5-PCB",1,257.547,0,2,1,0.0,-6.01,Clc1cccc(c1)c2cc(Cl)ccc2Cl 
1-Bromopropane,1,122.993,0,0,1,0.0,-1.73,CCCBr
Propiconazole,1,342.226,0,3,5,49.17,-3.4930000000000003,CCCC1COC(Cn2cncn2)(O1)c3ccc(Cl)cc3Cl
Formothion,1,257.27299999999997,0,0,6,55.84,-1.995,COP(=S)(OC)SCC(=O)N(C)C=O
4-methylpteridine,1,146.153,0,2,0,51.56,-0.466,Cc1ncnc2nccnc12
Thiourea,1,76.124,2,0,0,52.04,0.32,NC(=S)N
p-Xylene ,1,106.16799999999999,0,1,0,0.0,-2.77,Cc1ccc(C)cc1
"1,2-Diethylbenzene",1,134.222,0,1,2,0.0,-3.28,CCc1ccccc1CC
Hexachloroethane,1,236.74,0,0,0,0.0,-3.67,ClC(Cl)(Cl)C(Cl)(Cl)Cl
Flucythrinate,1,451.469,0,3,9,68.55,-6.876,CC(C)C(C(=O)OC(C#N)c1cccc(Oc2ccccc2)c1)c3ccc(OC(F)F)cc3
1-Nitropropane,1,89.094,0,0,2,43.14,-0.8,CCCN(=O)=O
Menthone,1,154.253,0,1,1,17.07,-2.35,CC(C)C1CCC(C)CC1=O
RTI 24,1,273.723,1,3,1,45.23,-5.36,CCN2c1cc(Cl)ccc1NC(=O)c3cccnc23 
"2,3-Dichloronitrobenzene",1,192.00099999999998,0,1,1,43.14,-3.48,O=N(=O)c1c(Cl)c(Cl)ccc1
thiamylal,1,254.355,2,1,5,58.2,-3.46,CCCC(C)C1(CC=C)C(=O)NC(=S)NC1=O 
Fluoranthene,2,202.25599999999997,0,4,0,0.0,-6.0,c1ccc2c(c1)c3cccc4cccc2c34
Propylisopropylether,1,102.177,0,0,3,9.23,-1.34,CCCOC(C)C
"1,3-Dimethylnaphthalene",1,156.22799999999998,0,2,0,0.0,-4.29,Cc1cc(C)c2ccccc2c1
diethylstilbestrol,1,268.356,2,2,4,40.46,-4.07,CCC(=C(CC)c1ccc(O)cc1)c2ccc(O)cc2 
Chlorothalonil,1,265.914,0,1,0,47.58,-5.64,c1(C#N)c(Cl)c(C#N)c(Cl)c(Cl)c(Cl)1
"2,3',4',5-PCB",1,291.992,0,2,1,0.0,-7.25,Clc1ccc(Cl)c(c1)c2ccc(Cl)c(Cl)c2
styrene oxide,2,120.15100000000001,0,2,1,12.53,-1.6,C1OC1c2ccccc2 
Isopropylbenzene ,1,120.195,0,1,1,0.0,-3.27,CC(C)c1ccccc1
Deoxycorticosterone,1,330.468,1,4,2,54.37,-3.45,CC12CCC3C(CCC4=CC(=O)CCC34C)C2CCC1C(=O)CO
chlorquinox,1,267.93,0,2,0,25.78,-5.43,c2(Cl)c(Cl)c(Cl)c1nccnc1c2(Cl) 
L-arabinose,1,150.13,4,1,0,90.15,0.39,C1OC(O)C(O)C(O)C1O
Dichloromethane,1,84.93299999999999,0,0,0,0.0,-0.63,ClCCl
1-Ethylnaphthalene ,1,156.22799999999998,0,2,1,0.0,-4.17,CCc1cccc2ccccc12
Methyl formate,1,60.052,0,0,1,26.3,0.58,COC=O
o-Nitrophenol,1,139.11,1,1,1,63.37,-1.74,Oc1ccccc1N(=O)=O
thymine,1,126.115,2,1,0,65.72,-1.506,Cc1c[nH]c(=O)[nH]c1=O 
2-Methylpropane,1,58.123999999999995,0,0,0,0.0,-2.55,CC(C)C
Inosine,1,268.22900000000004,4,3,2,133.75,-1.23,OCC1OC(C(O)C1O)n2cnc3c(O)ncnc23
Ioxynil,1,370.915,1,1,0,44.02,-3.61,Oc1c(I)cc(C#N)cc1I
Niclosamide,1,327.123,2,2,3,92.47,-4.7,Oc1ccc(Cl)cc1C(=O)Nc2ccc(cc2Cl)N(=O)=O
Pentane,1,72.15100000000001,0,0,2,0.0,-3.18,CCCCC
Phenol,1,94.113,1,1,0,20.23,0.0,c1ccccc1O
2-aminoanthracene,1,193.24900000000002,1,3,0,26.02,-5.17,Nc3ccc2cc1ccccc1cc2c3 
theobromine,1,180.167,1,2,0,72.68,-2.523,Cn1cnc2n(C)c(=O)[nH]c(=O)c12 
Isoquinoline,2,129.162,0,2,0,12.89,-1.45,c1ccc2cnccc2c1
Anilofos,1,367.86,0,1,7,38.77,-4.4319999999999995,COP(=S)(OC)SCC(=O)N(C(C)C)c1ccc(Cl)cc1
Hexylbenzene ,1,162.276,0,1,5,0.0,-5.21,CCCCCCc1ccccc1
2-Chlorobiphenyl,1,188.657,0,2,1,0.0,-4.54,Clc1ccccc1c2ccccc2
2-Methyl-1-Pentene,1,84.162,0,0,2,0.0,-3.03,CCCC(=C)C
"2,3,4-Trimethylpentane",1,114.23200000000001,0,0,2,0.0,-4.8,CC(C)C(C)C(C)C
Pentachlorobenzene,1,250.33900000000003,0,1,0,0.0,-5.65,Clc1cc(Cl)c(Cl)c(Cl)c1Cl
m-Nitrophenol,1,139.11,1,1,1,63.37,-1.01,Oc1cccc(c1)N(=O)=O
1-Decene,1,140.27,0,0,7,0.0,-5.51,CCCCCCCCC=C
Glyceryl triacetate,1,218.205,0,0,5,78.9,-0.6,CC(=O)OCC(COC(=O)C)OC(=O)C
dimethirimol,1,209.293,1,1,4,49.25,-2.24,CCCCc1c(C)nc(nc1O)N(C)C 
Cyfluthrin,1,434.29400000000004,0,3,6,59.32,-7.337000000000001,CC1(C)C(C=C(Cl)Cl)C1C(=O)OC(C#N)c2ccc(F)c(Oc3ccccc3)c2
Pyridine,2,79.102,0,1,0,12.89,0.76,c1ccncc1
1-Bromoheptane,1,179.101,0,0,5,0.0,-4.43,CCCCCCCBr
"3,4-Dimethylpyridine",1,107.156,0,1,0,12.89,0.36,Cc1ccncc1C
Fludrocortisone,1,380.45599999999996,3,4,2,94.83,-3.43,CC34CC(O)C1(F)C(CCC2=CC(=O)CCC12C)C3CCC4(O)C(=O)CO 
ethiofencarb,1,225.313,1,1,4,38.33,-2.09,CCSCc1ccccc1OC(=O)NC 
Malonic acid diethylester,1,160.16899999999998,0,0,4,52.6,-0.82,CCOC(=O)CC(=O)OCC
d-Limonene,1,136.238,0,1,1,0.0,-4.26,CC1=CCC(CC1)C(C)=C
Indan,2,118.179,0,2,0,0.0,-3.04,C1Cc2ccccc2C1
p-t-Butylphenol,1,150.221,1,1,0,20.23,-2.41,CC(C)(C)c1ccc(O)cc1
Cyclopropyl-5-spirobarbituric acid,1,154.125,2,2,0,75.27,-1.886,O=C2NC(=O)C1(CC1)C(=O)N2 
m-Chloroiodobenzene,1,238.455,0,1,0,0.0,-3.55,Clc1cccc(I)c1
1-Bromonapthalene,1,207.07,0,2,0,0.0,-4.35,Brc1cccc2ccccc12
trans-2-Pentene ,1,70.135,0,0,1,0.0,-2.54,CC/C=C/C
"2,6-Dimethylpyridine",1,107.156,0,1,0,12.89,0.45,Cc1cccc(C)n1
Trichloroethylene,1,131.389,0,0,0,0.0,-1.96,ClC=C(Cl)Cl
1-Napthylamine,1,143.189,1,2,0,26.02,-1.92,Nc1cccc2ccccc12
m-Xylene ,1,106.16799999999999,0,1,0,0.0,-2.82,Cc1cccc(C)c1
2-hydroxypteridine,1,148.125,1,2,0,71.79,-1.9469999999999998,Oc2ncc1nccnc1n2
Methanol,1,32.042,1,0,0,20.23,1.57,CO
Amobarbital,1,226.27599999999998,2,1,4,75.27,-2.468,CCC1(CCC(C)C)C(=O)NC(=O)NC1=O
2-Butanone,1,72.107,0,0,1,17.07,0.52,CCC(=O)C
5-fluorouracil,1,130.078,2,1,0,65.72,-1.077,Fc1c[nH]c(=O)[nH]c1=O 
tubercidin,1,266.257,4,3,2,126.65,-1.95,Nc1ncnc2n(ccc12)C3OC(CO)C(O)C3O 
"1,3-Benzenediol",1,110.11200000000001,2,1,0,40.46,0.81,Oc1cccc(O)c1
1-Hexanol,1,102.177,1,0,4,20.23,-1.24,CCCCCCO
1-Chloropentane,1,106.596,0,0,3,0.0,-2.73,CCCCCCl
"1,3-Butadiene",1,54.092,0,0,1,0.0,-1.87,C=CC=C
Propyl acetate,1,102.133,0,0,2,26.3,-0.72,CCCOC(=O)C
"5,6,7,8-tetrahydro-2-naphthol",1,148.205,1,2,0,20.23,-1.99,Oc2ccc1CCCCc1c2 
chloroacetamide,1,93.51299999999999,1,0,1,43.09,-0.02,NC(=O)CCl 
Iodofenphos,1,413.0,0,1,4,27.69,-6.62,COP(=S)(OC)Oc1cc(Cl)c(I)cc1Cl
4-Chlorotoluene,1,126.586,0,1,0,0.0,-3.08,Cc1ccc(Cl)cc1
Metribuzin,1,214.294,1,1,1,73.8,-2.253,CSc1nnc(c(=O)n1N)C(C)(C)C
Tricresyl phosphate,1,368.369,0,3,6,44.76,-6.01,Cc1ccc(OP(=O)(Oc2cccc(C)c2)Oc3ccccc3C)cc1
Caproaldehyde,1,100.161,0,0,4,17.07,-1.3,CCCCCC=O
Butamben,1,193.24599999999998,1,1,4,52.32,-3.082,CCCCOC(=O)c1ccc(N)cc1
RTI 3,1,255.27700000000002,1,3,0,68.45,-3.043,O2c1cc(C)ccc1N(C)C(=O)c3cc(N)cnc23 
Nerol,1,154.253,1,0,4,20.23,-2.46,CC(C)=CCC/C(C)=C\CO
"2,4'-PCB",1,223.102,0,2,1,0.0,-5.28,Clc1ccc(cc1)c2ccccc2Cl 
3-Octanoyloxymethylphenytoin,1,408.49800000000005,1,3,10,75.71,-6.523,O=C1N(COC(=O)CCCCCCC)C(=O)C(N1)(c2ccccc2)c3ccccc3
Nitroethane,1,75.067,0,0,1,43.14,-0.22,CCN(=O)=O
Ethalfluralin,1,333.26599999999996,0,1,6,89.52,-6.124,CCN(CC(C)=C)c1c(cc(cc1N(=O)=O)C(F)(F)F)N(=O)=O
"1,2,3,4-Tetrachlorobenzene",1,215.894,0,1,0,0.0,-4.57,Clc1ccc(Cl)c(Cl)c1Cl
Meprobamate,1,218.253,2,0,6,104.64,-1.807,CCCC(C)(COC(N)=O)COC(N)=O 
pregnenolone,1,316.485,1,4,1,37.3,-4.65,CC(=O)C3CCC4C2CC=C1CC(O)CCC1(C)C2CCC34C 
Iodomethane,1,141.939,0,0,0,0.0,-1.0,CI
cycloheximide,1,281.35200000000003,2,2,3,83.47,-1.13,CC1CC(C)C(=O)C(C1)C(O)CC2CC(=O)NC(=O)C2 
3-Heptanoyloxymethylphenytoin,1,394.471,1,3,9,75.71,-6.301,O=C1N(COC(=O)CCCCCC)C(=O)C(N1)(c2ccccc2)c3ccccc3
isophorone,1,138.21,0,1,0,17.07,-1.06,CC1=CC(=O)CC(C)(C)C1 
Butabarbital,1,212.24900000000002,2,1,3,75.27,-2.39,O=C1NC(=O)NC(=O)C1(CC)C(C)CC
5-Nonanone,1,142.24200000000002,0,0,6,17.07,-2.58,CCCCC(=O)CCCC
Glutethimide,1,217.268,1,2,2,46.17,-2.3369999999999997,CCC1(CCC(=O)NC1=O)c2ccccc2 
3-Methylpentane,1,86.178,0,0,2,0.0,-3.68,CCC(C)CC
Etofenprox,1,376.496,0,3,9,27.69,-8.6,CCOc1ccc(cc1)C(C)(C)COCc3cccc(Oc2ccccc2)c3
Methaqualone,1,250.301,0,3,1,34.89,-2.925,Cc1ccccc1n3c(C)nc2ccccc2c3=O
Chloroacetonitrile,1,75.498,0,0,0,23.79,-0.092,ClCC#N
Trichloronate,1,333.60400000000004,0,1,5,18.46,-5.752000000000001,CCOP(=S)(CC)Oc1cc(Cl)c(Cl)cc1Cl
Ethisterone,1,312.453,1,4,0,37.3,-5.66,CC12CCC(=O)C=C1CCC3C2CCC4(C)C3CCC4(O)C#C 
Pyridazine,2,80.09,0,1,0,25.78,1.1,c1ccnnc1
"1,2,3,5-Tetrachlorobenzene",1,215.894,0,1,0,0.0,-4.63,Clc1cc(Cl)c(Cl)c(Cl)c1
Diosgenin,1,414.63,1,6,0,38.69,-7.32,C1C(O)CCC2(C)CC3CCC4(C)C5(C)CC6OCC(C)CC6OC5CC4C3C=C21
o-Aminophenol,1,109.12799999999999,2,1,0,46.25,-0.72,Nc1ccccc1O
Ethyl nonanoate,1,186.295,0,0,8,26.3,-3.8,CCCCCCCCC(=O)OCC
metalaxyl,1,279.336,0,1,5,55.84,-1.601,COCC(=O)N(C(C)C(=O)OC)c1c(C)cccc1C 
Propoxur,1,209.245,1,1,3,47.56,-2.05,CNC(=O)Oc1ccccc1OC(C)C
2-Chlorobutane,1,92.569,0,0,1,0.0,-1.96,CCC(C)Cl
2-Napthol,1,144.173,1,2,0,20.23,-2.28,Oc1ccc2ccccc2c1
Oxadiazon,1,345.226,0,2,3,57.26,-5.696000000000001,CC(C)Oc1cc(c(Cl)cc1Cl)n2nc(oc2=O)C(C)(C)C
1-Hexyne ,1,82.146,0,0,2,0.0,-2.36,CCCCC#C
1-Nonyne ,1,124.227,0,0,5,0.0,-4.24,CCCCCCCC#C
2-Chlorotoluene,1,126.586,0,1,0,0.0,-3.52,Cc1ccccc1Cl
Diisopropyl ether ,1,102.177,0,0,2,9.23,-1.1,CC(C)OC(C)C
Dapsone,1,248.30700000000002,2,2,2,86.18,-3.094,Nc1ccc(cc1)S(=O)(=O)c2ccc(N)cc2
Methyl hydrazine,1,46.073,2,0,0,38.05,1.34,CNN
Propyne,1,40.065,0,0,0,0.0,-0.41,CC#C
Phoxim,1,298.30400000000003,0,1,7,63.84,-4.862,CCOP(=S)(OCC)ON=C(C#N)c1ccccc1
Propetamphos,1,281.314,1,0,7,56.79,-3.408,CCNP(=S)(OC)OC(=CC(=O)OC(C)C)C
Acrolein,1,56.06399999999999,0,0,1,17.07,0.57,C=CC=O
Hypoxanthine,1,136.114,2,2,0,74.43,-2.296,O=c1[nH]cnc2nc[nH]c12 
6-hydroxyquinoline,1,145.161,1,2,0,33.12,-2.16,Oc2ccc1ncccc1c2 
Fluorobenzene,1,96.104,0,1,0,0.0,-1.8,Fc1ccccc1
1-Chloropropane,1,78.542,0,0,1,0.0,-1.47,CCCCl
Ethyl acetate,1,88.10600000000001,0,0,1,26.3,-0.04,CCOC(=O)C
"2,2-Dimethylpentane",1,100.205,0,0,1,0.0,-4.36,CCCC(C)(C)C
Pentamethylbenzene,1,148.249,0,1,0,0.0,-4.0,Cc1cc(C)c(C)c(C)c1C
eucalyptol,1,154.253,0,3,0,9.23,-1.64,CC12CCC(CC1)C(C)(C)O2 
dibutyl sebacate,1,314.466,0,0,15,52.6,-3.8960000000000004,CCCCOC(=O)CCCCCCCCC(=O)OCCCC
"4,4'-PCB",1,223.102,0,2,1,0.0,-6.56,Clc1ccc(cc1)c2ccc(Cl)cc2 
"2,3-Dimethylpyridine",1,107.156,0,1,0,12.89,0.38,Cc1cccnc1C
Carvone,1,150.221,0,1,1,17.07,-2.06,CC(=C)C1CC=C(C)C(=O)C1
Carbophenthion,1,342.875,0,1,8,18.46,-5.736000000000001,CCOP(=S)(OCC)SCSc1ccc(Cl)cc1
"Etoposide (148-167,25mg/ml)",1,588.562,3,7,5,160.83,-3.571,COc1cc(cc(OC)c1O)C6C2C(COC2=O)C(OC4OC3COC(C)OC3C(O)C4O)c7cc5OCOc5cc67
Perylene,2,252.31599999999997,0,5,0,0.0,-8.804,c1cc2cccc3c4cccc5cccc(c(c1)c23)c54
"2,4-Dinitrotoluene",1,182.135,0,1,2,86.28,-2.82,Cc1ccc(cc1N(=O)=O)N(=O)=O
2-bromonaphthalene,1,207.07,0,2,0,0.0,-4.4,c1c(Br)ccc2ccccc12 
Formetanate,1,221.26,1,1,3,53.93,-2.34,CNC(=O)Oc1cccc(N=CN(C)C)c1
6-methoxypteridine,1,162.15200000000002,0,2,1,60.79,-1.139,COc2cnc1ncncc1n2
nevirapine,1,266.30400000000003,1,4,1,58.12,-3.19,Cc3ccnc4N(C1CC1)c2ncccc2C(=O)Nc34 
Isazofos,1,313.747,0,1,7,58.4,-3.658,CCOP(=S)(OCC)Oc1nc(Cl)n(n1)C(C)C
"2-Methyl-1,3-Butadiene ",1,68.119,0,0,1,0.0,-2.03,CC(=C)C=C
linalool,1,154.253,1,0,4,20.23,-1.99,CC(C)=CCCC(O)(C)C=C
Fenthion,1,278.335,0,1,5,27.69,-4.57,COP(=S)(OC)Oc1ccc(SC)c(C)c1
Cyclohexanol ,1,100.161,1,1,0,20.23,-0.44,OC1CCCCC1
5-Allyl-5-methylbarbital,1,182.179,2,1,2,75.27,-1.16,O=C1NC(=O)NC(=O)C1(C)CC=C
Epiandrosterone,1,290.447,1,4,0,37.3,-4.16,CC34CCC1C(CCC2CC(O)CCC12C)C3CCC4=O
mannitol,1,182.172,6,0,5,121.38,0.06,OCC(O)C(O)C(O)C(O)CO 
4-Methylbiphenyl,1,168.239,0,2,1,0.0,-4.62,Cc1ccc(cc1)c2ccccc2
Atrazine,1,215.688,2,1,4,62.73,-3.85,CCNc1nc(Cl)nc(NC(C)C)n1
Phenylthiourea,1,152.222,2,1,1,38.05,-1.77,NC(=S)Nc1ccccc1
4-Heptanone,1,114.18799999999999,0,0,4,17.07,-1.3,CCCC(=O)CCC
"3,3-Dimethyl-2-butanone",1,100.161,0,0,0,17.07,-0.72,CC(=O)C(C)(C)C
4-Chlorophenol ,1,128.558,1,1,0,20.23,-0.7,Oc1ccc(Cl)cc1
Cyclohexanone,1,98.145,0,1,0,17.07,-0.6,O=C1CCCCC1
m-Methylaniline,1,107.156,1,1,0,26.02,-0.85,Cc1cccc(N)c1
Trichloroacetonitrile,1,144.388,0,0,0,23.79,-2.168,ClC(Cl)(Cl)C#N
norflurazon,1,303.671,1,2,2,46.92,-4.046,CNc2cnn(c1cccc(c1)C(F)(F)F)c(=O)c2Cl
2-Decanone,1,156.269,0,0,7,17.07,-3.3,CCCCCCCCC(=O)C
Ipazine,1,243.74200000000002,1,1,5,53.94,-3.785,CCN(CC)c1nc(Cl)nc(NC(C)C)n1
Benzocaine,1,165.192,1,1,2,52.32,-2.616,CCOC(=O)c1ccc(N)cc1
"1,2,4-Trichlorobenzene",1,181.449,0,1,0,0.0,-3.59,Clc1ccc(Cl)c(Cl)c1
Triazolam,1,343.217,0,4,1,43.07,-4.09,Cc3nnc4CN=C(c1ccccc1Cl)c2cc(Cl)ccc2n34
"1,2-Benzenediol",1,110.11200000000001,2,1,0,40.46,0.62,Oc1ccccc1O
Reverse Transcriptase inhibitor 1,1,254.293,0,3,1,49.33,-2.62,CCN2c1ncccc1N(C)C(=O)c3cccnc23 
Dimethyl sulfide,1,62.137,0,0,0,0.0,-0.45,CSC
2-Bromotoluene,1,171.037,0,1,0,0.0,-2.23,Cc1ccccc1Br
O-Ethyl carbamate,1,89.094,1,0,1,52.32,0.85,CCOC(=O)N
megestrol acetate,1,384.51599999999996,0,4,2,60.44,-5.35,CC(=O)OC3(CCC4C2C=C(C)C1=CC(=O)CCC1(C)C2CCC34C)C(C)=O 
"2,4-Dimethyl-3-pentanol",1,116.204,1,0,2,20.23,-1.22,CC(C)C(O)C(C)C
Napthalene,2,128.174,0,2,0,0.0,-3.6,c1ccc2ccccc2c1
N-Ethylaniline,1,121.18299999999999,1,1,2,12.03,-1.7,CCNc1ccccc1
Phenytoin,1,252.273,2,3,2,58.2,-4.0969999999999995,O=C1NC(=O)C(N1)(c2ccccc2)c3ccccc3
"7,12-Dimethylbenz(a)anthracene",1,256.348,0,4,0,0.0,-7.02,Cc1c2ccccc2c(C)c3ccc4ccccc4c13
Dialifor,1,393.85400000000004,0,2,8,55.84,-6.34,CCOP(=S)(OCC)SC(CCl)N1C(=O)c2ccccc2C1=O
Methoxychlor,1,345.653,0,2,4,18.46,-6.89,COc1ccc(cc1)C(c2ccc(OC)cc2)C(Cl)(Cl)Cl
TEFLUBENZURON,1,381.11199999999997,2,2,2,58.2,-7.28,Fc1cccc(F)c1C(=O)NC(=O)Nc2cc(Cl)c(F)c(Cl)c2F 
3-Pentanoyloxymethylphenytoin,1,366.417,1,3,7,75.71,-4.678,O=C1N(COC(=O)CCCC)C(=O)C(N1)(c2ccccc2)c3ccccc3
Monuron,1,198.653,1,1,1,32.34,-2.89,CN(C)C(=O)Nc1ccc(Cl)cc1
Flutriafol,1,301.296,1,3,4,50.94,-3.37,OC(Cn1cncn1)(c2ccc(F)cc2)c3ccccc3F
triamcinolone diacetate,1,478.51300000000003,2,4,4,127.2,-4.13,CC(=O)OCC(=O)C3(O)C(CC4C2CCC1=CC(=O)C=CC1(C)C2(F)C(O)CC34C)OC(C)=O 
1-Bromobutane,1,137.02,0,0,2,0.0,-2.37,CCCCBr
"1,2,4,5-Tetrabromobenzene",1,393.69800000000004,0,1,0,0.0,-6.98,Brc1cc(Br)c(Br)cc1Br
4-Methyl-2-pentanone,1,100.161,0,0,2,17.07,-0.74,CC(C)CC(=O)C
cycloate,1,215.362,0,1,3,20.31,-3.4,CCSC(=O)N(CC)C1CCCCC1 
4-Chloroanisole,1,142.585,0,1,1,9.23,-2.78,COc1ccc(Cl)cc1
Deltamethrin,1,505.20599999999996,0,3,6,59.32,-8.402000000000001,CC1(C)C(C=C(Br)Br)C1C(=O)OC(C#N)c2cccc(Oc3ccccc3)c2
Talbutal,1,224.26,2,1,4,75.27,-2.016,CCC(C)C1(CC=C)C(=O)NC(=O)NC1=O
Fenitrothion,1,277.238,0,1,5,70.83,-4.04,COP(=S)(OC)Oc1ccc(N(=O)=O)c(C)c1
1-Iodonapthalene,1,254.07,0,2,0,0.0,-4.55,Ic1cccc2ccccc12
Sorbitol,1,182.172,6,0,5,121.38,1.09,OCC(O)C(O)C(O)C(O)CO
Ethanethiol,1,62.137,1,0,0,0.0,-0.6,CCS
"1,1,2-Trichloroethane",1,133.405,0,0,1,0.0,-1.48,ClCC(Cl)Cl
Pyrolan,1,245.282,0,2,2,47.36,-2.09,CN(C)C(=O)Oc1cc(C)nn1c2ccccc2
o-Hydroxybenzamide,1,137.138,2,1,1,63.32,-1.82,NC(=O)c1ccccc1O
o-Nitrotoluene,1,137.138,0,1,1,43.14,-2.33,Cc1ccccc1N(=O)=O
"5,5-Diisopropylbarbital",1,212.24900000000002,2,1,2,75.27,-2.766,O=C1NC(=O)NC(=O)C1(C(C)C)C(C)C
2-Ethyltoluene,1,120.195,0,1,1,0.0,-3.21,CCc1ccccc1C
1-Chloroheptane,1,134.65,0,0,5,0.0,-4.0,CCCCCCCCl
Barbital,1,184.195,2,1,2,75.27,-2.4,O=C1NC(=O)NC(=O)C1(CC)CC
Bibenzyl ,2,182.266,0,2,3,0.0,-4.62,C(Cc1ccccc1)c2ccccc2
"1,1,2,2-Tetrachloroethane",1,167.85,0,0,1,0.0,-1.74,ClC(Cl)C(Cl)Cl
RTI 23,1,283.33099999999996,1,3,2,54.46,-5.153,CCN2c1cc(OC)cc(C)c1NC(=O)c3cccnc23 
2-Methylphenanthrene,1,192.261,0,3,0,0.0,-5.84,Cc1ccc2c(ccc3ccccc32)c1
dibutylphthalate,1,278.348,0,1,8,52.6,-4.4,CCCCOC(=O)c1ccccc1C(=O)OCCCC 
tetrachloroguaiacol,1,261.91900000000004,1,1,1,29.46,-4.02,COc1c(O)c(Cl)c(Cl)c(Cl)c1Cl 
Dimecron,1,299.691,0,0,8,65.07,0.523,CCN(CC)C(=O)C(=CCOP(=O)(OC)OC)Cl
Equilin,1,268.356,1,4,0,37.3,-5.282,CC34CCC1C(=CCc2cc(O)ccc12)C3CCC4=O
Chlorimuron-ethyl (ph 7),1,414.827,1,2,8,127.79,-4.5760000000000005,CCOC(=O)c1ccccc1S(=O)(=O)NN(C=O)c2nc(Cl)cc(OC)n2
p-Nitroanisole,1,153.137,0,1,2,52.37,-2.41,COc1ccc(cc1)N(=O)=O
1-Chlorohexane,1,120.62299999999999,0,0,4,0.0,-3.12,CCCCCCCl
"2,2',3,3',4,4',5,5'-PCB",1,429.772,0,2,1,0.0,-9.16,Clc1cc(c(Cl)c(Cl)c1Cl)c2cc(Cl)c(Cl)c(Cl)c2Cl
Raffinose,1,504.43800000000005,11,3,8,268.68,-0.41,OCC1OC(CO)(OC2OC(COC3OC(CO)C(O)C(O)C3O)C(O)C(O)C2O)C(O)C1O
hexacosane,1,366.718,0,0,23,0.0,-8.334,CCCCCCCCCCCCCCCCCCCCCCCCCC
RTI 5,1,253.305,0,3,1,36.44,-3.324,CCN2c1ccccc1N(C)C(=O)c3cccnc23 
"1,1-Dichloroethane",1,98.96,0,0,0,0.0,-1.29,CC(Cl)Cl
Sulfanilamide,1,172.209,2,1,1,86.18,-1.34,Nc1ccc(cc1)S(N)(=O)=O
Isopropalin,1,309.366,0,1,8,89.52,-6.49,CCCN(CCC)c1c(cc(cc1N(=O)=O)C(C)C)N(=O)=O
Lindane,1,290.832,0,1,0,0.0,-4.64,ClC1C(Cl)C(Cl)C(Cl)C(Cl)C1Cl
Isofenphos,1,345.401,1,1,8,56.79,-4.194,CCOP(=S)(NC(C)C)Oc1ccccc1C(=O)OC(C)C
"1,2,3-Trichlorobenzene",1,181.449,0,1,0,0.0,-4.0,Clc1cccc(Cl)c1Cl
Tetrachloromethane,1,153.82299999999998,0,0,0,0.0,-2.31,ClC(Cl)(Cl)Cl
"3,4-Dichloronitrobenzene",1,192.00099999999998,0,1,1,43.14,-3.2,O=N(=O)c1cc(Cl)c(Cl)cc1
Cyclooctanol,1,128.215,1,1,0,20.23,-1.29,OC1CCCCCCC1
17a-Methyltestosterone,1,302.45799999999997,1,4,0,37.3,-3.9989999999999997,CC1(O)CCC2C3CCC4=CC(=O)CCC4(C)C3CCC21C
Dulcin,1,180.207,2,1,3,64.35,-2.17,CCOc1ccc(NC(N)=O)cc1
"trans-1,4-Dimethylcyclohexane",1,112.21600000000001,0,1,0,0.0,-4.47,C/C1CCC(\C)CC1
"1,7-phenantroline",2,180.21,0,3,0,25.78,-2.68,c1cnc2c(c1)ccc3ncccc23
Methyl t-butyl ether ,1,88.15,0,0,0,9.23,-0.24,COC(C)(C)C
Anethole,1,148.205,0,1,2,9.23,-3.13,COc1ccc(C=CC)cc1
1-Hexadecanol,1,242.447,1,0,14,20.23,-7.0,CCCCCCCCCCCCCCCCO
uracil,1,112.088,2,1,0,65.72,-1.4880000000000002,O=c1cc[nH]c(=O)[nH]1 
adenine,1,135.13,2,2,0,80.48,-2.12,Nc1ncnc2nc[nH]c12 
"2,2',3,4,5-PCB",1,326.437,0,2,1,0.0,-7.21,Clc1cc(Cl)c(cc1Cl)c2cccc(Cl)c2Cl 
Ancymidol,1,256.305,1,3,4,55.24,-2.596,COc1ccc(cc1)C(O)(C2CC2)c3cncnc3 
Benzo(b)fluoranthene,2,252.31599999999997,0,5,0,0.0,-8.23,c1ccc2c(c1)c3cccc4c3c2cc5ccccc54
Carbanilide,1,212.252,2,2,2,41.13,-3.15,O=C(Nc1ccccc1)Nc2ccccc2
phenobarbital,1,232.239,2,2,2,75.27,-2.322,CCC1(C(=O)NC(=O)NC1=O)c2ccccc2 
"2',3,4-PCB",1,257.547,0,2,1,0.0,-6.29,Clc1ccc(cc1)c2cccc(Cl)c2Cl 
Isoproturon,1,206.28900000000002,1,1,2,32.34,-3.536,CC(C)c1ccc(NC(=O)N(C)C)cc1
Azintamide,1,259.762,0,1,5,46.09,-1.716,CCN(CC)C(=O)CSc1ccc(Cl)nn1
"2,2-Dimethyl-1-butanol",1,102.177,1,0,2,20.23,-1.04,CCC(C)(C)CO
Ethyl pentanoate,1,130.187,0,0,4,26.3,-1.75,CCCOC(=O)CCC
"2,4,6-Trinitrotoluene",1,227.132,0,1,3,129.42,-3.22,Cc1c(cc(cc1N(=O)=O)N(=O)=O)N(=O)=O
Bensulide,1,397.524,1,1,10,64.63,-4.2,CC(C)OP(=S)(OC(C)C)SCCNS(=O)(=O)c1ccccc1
Cycloheptane,2,98.189,0,1,0,0.0,-3.51,C1CCCCCC1
Propyl formate,1,88.10600000000001,0,0,3,26.3,-0.49,CCCOC=O
2-Isopropyltoluene,1,134.222,0,1,1,0.0,-3.76,CC(C)c1ccccc1C
m-Chloroaniline,1,127.574,1,1,0,26.02,-1.37,Nc1cccc(Cl)c1
"2,4-Dimethylpentane",1,100.205,0,0,2,0.0,-4.26,CC(C)CC(C)C
Dibenzofurane,2,168.195,0,3,0,13.14,-4.6,o1c2ccccc2c3ccccc13
ethofumesate,1,286.349,0,2,4,61.83,-3.42,CCOC2Oc1ccc(OS(C)(=O)=O)cc1C2(C)C
Fluometuron,1,232.205,1,1,1,32.34,-3.43,CN(C)C(=O)Nc1cccc(c1)C(F)(F)F
Acridine,2,179.222,0,3,0,12.89,-3.67,c3ccc2nc1ccccc1cc2c3
Cortisone,1,360.45,2,4,2,91.67,-3.11,CC12CC(=O)C3C(CCC4=CC(=O)CCC34C)C2CCC1(O)C(=O)CO
glucose,1,180.15599999999998,5,1,1,110.38,0.74,OCC1OC(O)C(O)C(O)C1O
3-Methylphenol,1,108.14,1,1,0,20.23,-0.68,Cc1cccc(O)c1
Indapamide,1,365.842,2,3,3,92.5,-3.5860000000000003,CC2Cc1ccccc1N2NC(=O)c3ccc(Cl)c(c3)S(N)(=O)=O 
Lovastatin,1,404.54699999999997,1,3,6,72.83,-6.005,CCC(C)C(=O)OC2CC(C)C=C3C=CC(C)C(CCC1CC(O)CC(=O)O1)C23 
"1,4-Dinitrobenzene",1,168.108,0,1,2,86.28,-3.39,O=N(=O)c1ccc(cc1)N(=O)=O
Reposal,1,262.309,2,3,2,75.27,-2.696,CCC1(C(=O)NC(=O)NC1=O)C2=CCC3CCC2C3
Ethyl decanoate,1,200.322,0,0,9,26.3,-4.1,CCCCCCCCCC(=O)OCC
Fenuron,1,164.208,1,1,1,32.34,-1.6,CN(C)C(=O)Nc1ccccc1
Ethyl propyl ether,1,88.15,0,0,3,9.23,-0.66,CCCOCC
2-Propanol,1,60.096000000000004,1,0,0,20.23,0.43,CC(C)O
2-Methylnapthalene,1,142.201,0,2,0,0.0,-3.77,Cc1ccc2ccccc2c1
Chlorodibromethane,1,208.28,0,0,0,0.0,-1.9,ClC(Br)Br
Hexestrol,1,270.372,2,2,5,40.46,-4.43,CCC(C(CC)c1ccc(O)cc1)c2ccc(O)cc2
Malathion,1,330.36400000000003,0,0,9,71.06,-3.37,CCOC(=O)CC(SP(=S)(OC)OC)C(=O)OCC
Benzylchloride,1,126.586,0,1,1,0.0,-2.39,ClCc1ccccc1
t-Crotonaldehyde,1,70.09100000000001,0,0,1,17.07,0.32,C/C=C/C=O
Chlorbromuron,1,293.548,1,1,2,41.57,-3.924,CON(C)C(=O)Nc1ccc(Br)c(Cl)c1
"9,10-Dimethylanthracene",1,206.28799999999998,0,3,0,0.0,-6.57,Cc1c2ccccc2c(C)c3ccccc13
Methyl hexanoate,1,130.187,0,0,4,26.3,-1.87,CCCCCC(=O)OC
Dimefuron,1,338.795,1,2,2,80.37,-4.328,CN(C)C(=O)Nc1ccc(c(Cl)c1)n2nc(oc2=O)C(C)(C)C
p-Fluoroacetanilide,1,153.156,1,1,1,29.1,-1.78,CC(=O)Nc1ccc(F)cc1
alachlor,1,269.772,0,1,6,29.54,-3.26,CCc1cccc(CC)c1N(COC)C(=O)CCl 
Cyclohexene,2,82.146,0,1,0,0.0,-2.59,C1CCC=CC1
Hydrocortisone ,1,362.466,3,4,2,94.83,-3.09,CC12CC(O)C3C(CCC4=CC(=O)CCC34C)C2CCC1(O)C(=O)CO
Pyrimidine,2,80.09,0,1,0,25.78,1.1,c1cncnc1
p-Chloronitrobenzene,1,157.556,0,1,1,43.14,-2.92,Clc1ccc(cc1)N(=O)=O
Methyl propionate,1,88.10600000000001,0,0,1,26.3,-0.14,CCC(=O)OC
o-Chloronitrobenzene,1,157.556,0,1,1,43.14,-2.55,Clc1ccccc1N(=O)=O
Neburon,1,275.17900000000003,1,1,4,32.34,-4.77,CCCCN(C)C(=O)Nc1ccc(Cl)c(Cl)c1
Buthidazole,1,256.33099999999996,1,2,1,69.56,-1.8769999999999998,CN1CC(O)N(C1=O)c2nnc(s2)C(C)(C)C
Nitrobenzene,1,123.111,0,1,1,43.14,-1.8,O=N(=O)c1ccccc1
Iodobenzene,1,204.01,0,1,0,0.0,-3.01,Ic1ccccc1
Metolazone,1,365.842,2,3,2,92.5,-3.78,CC2Nc1cc(Cl)c(cc1C(=O)N2c3ccccc3C)S(N)(=O)=O 
Methocarbamol,1,241.243,2,1,6,91.01,-0.985,COc1ccccc1OCC(O)COC(N)=O
butachlor,1,311.853,0,1,9,29.54,-4.19,CCCCOCN(C(=O)CCl)c1c(CC)cccc1CC 
"2,3-Dichlorophenol",1,163.003,1,1,0,20.23,-1.3,Oc1cccc(Cl)c1Cl
Propyl butyrate,1,102.133,0,0,2,26.3,-1.92,CCCC(=O)OC
Propanil,1,218.083,1,1,2,29.1,-3.0,CCC(=O)Nc1ccc(Cl)c(Cl)c1
Triamterene,1,253.269,3,3,1,129.62,-2.404,Nc3nc(N)c2nc(c1ccccc1)c(N)nc2n3
Ethyl hexanoate,1,144.214,0,0,5,26.3,-2.35,CCCCCC(=O)OCC
chloralose,1,309.529,3,2,2,88.38,-1.84,OCC(O)C2OC1OC(OC1C2O)C(Cl)(Cl)Cl 
Amitraz,1,293.414,0,2,4,27.96,-5.47,CN(C=Nc1ccc(C)cc1C)C=Nc2ccc(C)cc2C
Prometon,1,225.296,2,1,5,71.96,-2.478,COc1nc(NC(C)C)nc(NC(C)C)n1
1-Octene ,1,112.21600000000001,0,0,5,0.0,-4.44,CCCCCCC=C
p-Methylaniline ,1,107.156,1,1,0,26.02,-1.21,Cc1ccc(N)cc1
aminothiazole,1,100.146,1,1,0,38.91,-0.36,Nc1nccs1 
Metolcarb,1,151.165,1,1,1,38.33,-1.8030000000000002,c1ccccc1(OC(=O)NC)
3-Hexanol,1,102.177,1,0,3,20.23,-0.8,CCCC(O)CC
9-anthrol,1,194.233,1,3,0,20.23,-4.73,c3ccc2c(O)c1ccccc1cc2c3 
2-Methylanthracene,1,192.261,0,3,0,0.0,-6.96,Cc1ccc2cc3ccccc3cc2c1
"1,2,3-Trimethylbenzene ",1,120.195,0,1,0,0.0,-3.2,Cc1cccc(C)c1C
Aminocarb,1,208.261,1,1,2,41.57,-2.36,CNC(=O)Oc1ccc(N(C)C)c(C)c1
2-Nonanol,1,144.25799999999998,1,0,6,20.23,-2.74,CCCCCCCC(C)O
Methyldymron,1,268.36,1,2,3,32.34,-3.35,CN(C(=O)NC(C)(C)c1ccccc1)c2ccccc2
3-Hexanone,1,100.161,0,0,3,17.07,-0.83,CCCC(=O)CC
bromoxynil,1,276.915,1,1,0,44.02,-3.33,Oc1c(Br)cc(C#N)cc1Br 
"3,4-PCB",1,223.102,0,2,1,0.0,-6.39,Clc1ccc(cc1Cl)c2ccccc2 
Mefenacet,1,298.367,0,3,4,42.43,-4.873,CN(C(=O)COc1nc2ccccc2s1)c3ccccc3
5-hydroxyquinoline,1,145.161,1,2,0,33.12,-2.54,Oc1cccc2ncccc12 
Carboxin,1,235.308,1,2,2,38.33,-3.14,CC1=C(SCCO1)C(=O)Nc2ccccc2
Ethoxyzolamide,1,258.324,1,2,3,82.28,-3.81,CCOc2ccc1nc(sc1c2)S(N)(=O)=O 
Pentachlorophenol,1,266.33799999999997,1,1,0,20.23,-4.28,Oc1c(Cl)c(Cl)c(Cl)c(Cl)c1Cl
Bromochloromethane,1,129.384,0,0,0,0.0,-0.89,ClCBr
metharbital,1,198.222,1,1,2,66.48,-2.23,CCC1(CC)C(=O)NC(=O)N(C)C1=O 
deoxycorticosterone acetate,1,372.505,0,4,3,60.44,-4.63,CC(=O)OCC(=O)C3CCC4C2CCC1=CC(=O)CCC1(C)C2CCC34C 
benzylurea,1,150.181,2,1,2,55.12,-0.95,NC(=O)NCc1ccccc1 
Chlortoluron,1,212.68,1,1,1,32.34,-3.483,CN(C)C(=O)Nc1ccc(C)c(Cl)c1
Linuron,1,249.097,1,1,2,41.57,-3.592,CON(C)C(=O)Nc1ccc(Cl)c(Cl)c1
Cycloheptanol,1,114.18799999999999,1,1,0,20.23,-0.88,OC1CCCCCC1
Thiamphenicol,1,356.227,3,1,6,103.7,-2.154,CS(=O)(=O)c1ccc(cc1)C(O)C(CO)NC(=O)C(Cl)Cl 
thiopental,1,242.34400000000002,2,1,4,58.2,-3.36,CCCC(C)C1(CC)C(=O)NC(=S)NC1=O 
acetazolamide,1,222.25099999999998,2,1,2,115.04,-2.36,CC(=O)Nc1nnc(s1)S(N)(=O)=O 
p-Nitrophenol,1,139.11,1,1,1,63.37,-0.74,Oc1ccc(cc1)N(=O)=O
Aldrin,1,364.914,0,4,0,0.0,-6.307,ClC1=C(Cl)C2(Cl)C3C4CC(C=C4)C3C1(Cl)C2(Cl)Cl
Tetrahydrofurane ,2,72.107,0,1,0,9.23,0.49,C1CCOC1
o-Nitroaniline,1,138.126,1,1,1,69.16,-1.96,Nc1ccccc1N(=O)=O
"2,2',3,3'-PCB",1,291.992,0,2,1,0.0,-7.28,Clc1cccc(c1Cl)c2cccc(Cl)c2Cl
phenylbutazone,1,308.381,0,3,5,40.62,-3.81,CCCCC1C(=O)N(N(C1=O)c2ccccc2)c3ccccc3 
"2,6-Dinitrotoluene",1,182.135,0,1,2,86.28,-3.0,Cc1c(cccc1N(=O)=O)N(=O)=O
Progesterone,1,314.469,0,4,1,34.14,-4.42,CC(=O)C1CCC2C3CCC4=CC(=O)CCC4(C)C3CCC12C
Chlorazine,1,257.769,0,1,6,45.15,-4.4110000000000005,CCN(CC)c1nc(Cl)nc(n1)N(CC)CC
captafol,1,349.066,0,2,3,37.38,-5.4,ClC(Cl)C(Cl)(Cl)SN2C(=O)C1CC=CCC1C2=O 
"1,2,4-tribromobenzene",1,314.802,0,1,0,0.0,-4.5,c1(Br)c(Br)cc(Br)cc1
Oxazepam,1,286.718,2,3,1,61.69,-3.952,OC3N=C(c1ccccc1)c2cc(Cl)ccc2NC3=O 
Secobarbital,1,238.287,2,1,5,75.27,-2.356,O=C1NC(=O)NC(=O)C1(C(C)CCC)CC=C
Carvacrol,1,150.221,1,1,1,20.23,-2.08,c1(O)c(C)ccc(C(C)C)c1
rhodanine,1,133.197,1,1,0,29.1,-1.77,C1SC(=S)NC1(=O)
Morin,1,302.238,5,3,1,131.36,-3.083,Oc1ccc(c(O)c1)c3oc2cc(O)cc(O)c2c(=O)c3O 
Kepone,1,490.639,0,6,0,17.07,-5.2589999999999995,ClC1(C(=O)C2(Cl)C3(Cl)C14Cl)C5(Cl)C2(Cl)C3(Cl)C(Cl)(Cl)C45Cl
Disulfiram,1,296.552,0,0,4,6.48,-4.86,CCN(CC)C(=S)SSC(=S)N(CC)CC
Cyclohexane,2,84.162,0,1,0,0.0,-3.1,C1CCCCC1
Dienochlor,1,474.64,0,2,1,0.0,-7.278,ClC1=C(Cl)C(Cl)(C(=C1Cl)Cl)C2(Cl)C(=C(Cl)C(=C2Cl)Cl)Cl
chlordimeform,1,196.68099999999998,0,1,2,15.6,-2.86,CN(C)C=Nc1ccc(Cl)cc1C
Equilenin,1,266.34,1,4,0,37.3,-5.24,CC34CCc1c(ccc2cc(O)ccc12)C3CCC4=O
1-Octanol,1,130.231,1,0,6,20.23,-2.39,CCCCCCCCO
Diethyl sulfide,1,90.191,0,0,2,0.0,-1.34,CCSCC
"1,2-Dichloroethane",1,98.96,0,0,1,0.0,-1.06,ClCCCl
2-Chloro-2-methylbutane,1,106.596,0,0,1,0.0,-2.51,CCC(C)(C)Cl
1-Chloro-2-bromoethane,1,143.411,0,0,1,0.0,-1.32,ClCCBr
p-Nitroaniline,1,138.126,1,1,1,69.16,-2.37,Nc1ccc(cc1)N(=O)=O
Lactose,1,342.29699999999997,8,2,4,189.53,-0.244,OCC1OC(OC2C(O)C(O)C(O)OC2CO)C(O)C(O)C1O
RTI 2,1,268.32,0,3,2,49.33,-2.86,CCN2c1ncccc1N(CC)C(=O)c3cccnc23 
Chlorobenzene,1,112.559,0,1,0,0.0,-2.38,Clc1ccccc1
1-Nonene ,1,126.243,0,0,6,0.0,-5.05,CCCCCCCC=C
p-Bromoiodobenzene,1,282.906,0,1,0,0.0,-4.56,Brc1ccc(I)cc1
3-Methyl-3-pentanol,1,102.177,1,0,2,20.23,-0.36,CCC(C)(O)CC
Pentylbenzene,1,148.249,0,1,4,0.0,-4.64,CCCCCc1ccccc1
allantoin,1,158.11700000000002,4,1,1,113.32,-1.6,NC(=O)NC1NC(=O)NC1=O 
Glafenine,1,372.80800000000005,3,3,6,91.68,-4.571000000000001,OCC(O)COC(=O)c1ccccc1Nc2ccnc3cc(Cl)ccc23
DDD,1,320.046,0,2,3,0.0,-7.2,ClC(Cl)C(c1ccc(Cl)cc1)c2ccc(Cl)cc2
testosterone acetate,1,330.468,0,4,1,43.37,-5.184,CC(=O)OC3CCC4C2CCC1=CC(=O)CCC1(C)C2CCC34C 
1-Chloronapthalene,1,162.619,0,2,0,0.0,-3.93,Clc1cccc2ccccc12
RTI 19,1,252.317,0,3,1,23.55,-4.749,CCN2c1ccccc1N(C)C(=O)c3ccccc23 
2-Hexanol,1,102.177,1,0,3,20.23,-0.89,CCCCC(C)O
Propylcyclopentane,1,112.21600000000001,0,1,2,0.0,-4.74,CCCC1CCCC1
Etomidate,1,244.294,0,2,4,44.12,-4.735,CCOC(=O)c1cncn1C(C)c2ccccc2
"3,4-Dichlorophenol",1,163.003,1,1,0,20.23,-1.25,Oc1ccc(Cl)c(Cl)c1
Cypermethrin,1,416.30400000000003,0,3,6,59.32,-8.017000000000001,CC1(C)C(C=C(Cl)Cl)C1C(=O)OC(C#N)c2cccc(Oc3ccccc3)c2
Benzoxazole,2,119.12299999999999,0,2,0,26.03,-1.16,c2ccc1ocnc1c2
1-Pentanol,1,88.15,1,0,3,20.23,-0.6,CCCCCO
"N,N-Diethylaniline",1,149.237,0,1,3,3.24,-3.03,CCN(CC)c1ccccc1
"1,3-Difluorobenzene",1,114.094,0,1,0,0.0,-2.0,Fc1cccc(F)c1
3-chloropropionitrile,1,89.525,0,0,1,23.79,-0.29,ClCCC#N 
t-Pentylbenzene,1,148.249,0,1,1,0.0,-4.15,CC(C)(C)Cc1ccccc1
5-Ethyl-5-phenylbarbital,1,232.239,2,2,2,75.27,-2.322,O=C1NC(=O)NC(=O)C1(CC)c1ccccc1
o-Chloroiodobenzene,1,238.455,0,1,0,0.0,-3.54,Clc1ccccc1I
Benzotriazole,2,119.12700000000001,1,2,0,41.57,-0.78,c2ccc1[nH]nnc1c2
Carbofuran,1,221.25599999999997,1,2,1,47.56,-2.8,CNC(=O)Oc1cccc2CC(C)(C)Oc12
"2,6-Dimethylphenol",1,122.167,1,1,0,20.23,-1.29,Cc1cccc(C)c1O
3-Methyl-2-butanol,1,88.15,1,0,1,20.23,-0.18,CC(C)C(C)O
benzhydrol,1,184.238,1,2,2,20.23,-2.55,c1ccccc1C(O)c2ccccc2
Methyl decanoate,1,186.295,0,0,8,26.3,-4.69,CCCCCCCCCC(=O)OC
Dicapthon,1,297.656,0,1,5,70.83,-4.31,COP(=S)(OC)Oc1ccc(cc1Cl)N(=O)=O
1-Bromo-2-methylpropane,1,137.02,0,0,1,0.0,-2.43,CC(C)CBr
Iodoethane,1,155.966,0,0,0,0.0,-1.6,CCI
Pirimicarb,1,238.291,0,1,2,58.56,-1.95,CN(C)C(=O)Oc1nc(nc(C)c1C)N(C)C
1-Bromohexane,1,165.074,0,0,4,0.0,-3.81,CCCCCCBr
2-Methylpentane,1,86.178,0,0,2,0.0,-3.74,CCCC(C)C
Tetrafluthrin,1,418.736,0,2,4,26.3,-7.321000000000001,Cc1c(F)c(F)c(COC(=O)C2C(C=C(Cl)C(F)(F)F)C2(C)C)c(F)c1F
Metolachlor,1,283.79900000000004,0,1,6,29.54,-2.73,CCc1cccc(C)c1N(C(C)COC)C(=O)CCl 
nifuroxime,1,156.097,1,1,2,88.87,-2.19,ON=Cc1ccc(o1)N(=O)=O 
Fluvalinate,1,502.92,1,3,8,71.35,-8.003,CC(C)C(Nc1ccc(cc1Cl)C(F)(F)F)C(=O)OC(C#N)c2cccc(Oc3ccccc3)c2
Amitrole,1,84.08200000000001,2,1,0,67.59,0.522,Nc1nc[nH]n1
Tribromomethane,1,252.731,0,0,0,0.0,-1.91,BrC(Br)Br
Trichlorfon,1,257.437,1,0,3,55.76,-0.22,COP(=O)(OC)C(O)C(Cl)(Cl)Cl
Phosalone,1,367.816,0,2,7,53.6,-5.233,CCOP(=S)(OCC)SCn1c(=O)oc2cc(Cl)ccc12
Phenylmethanol,1,108.14,1,1,1,20.23,-0.4,OCc1ccccc1
Coumatetralyl,1,292.334,1,4,1,50.44,-2.84,O=c2c(C3CCCc4ccccc43)c(O)c1ccccc1o2 
4-Bromophenol,1,173.00900000000001,1,1,0,20.23,-1.09,Oc1ccc(Br)cc1
2-Bromopropane,1,122.993,0,0,0,0.0,-1.59,CC(C)Br
"2,2,4-Trimethylpentane",1,114.23200000000001,0,0,1,0.0,-4.74,CC(C)CC(C)(C)C
"1,3,5-Trinitrobenzene",1,213.105,0,1,3,129.42,-2.89,O=N(=O)c1cc(cc(c1)N(=O)=O)N(=O)=O
Nimetazepam,1,295.298,0,3,2,75.81,-3.7960000000000003,CN2C(=O)CN=C(c1ccccc1)c3cc(ccc23)N(=O)=O
Propane,1,44.097,0,0,0,0.0,-1.94,CCC
Minoxidil,1,209.253,2,2,1,95.11,-1.989,Nc1cc(nc(N)n1=O)N2CCCCC2 
1-aminoacridine,1,194.237,1,3,0,38.91,-4.22,Nc2cccc3nc1ccccc1cc23 
Benzo(k)fluoranthene,2,252.31599999999997,0,5,0,0.0,-8.49,c1ccc2cc3c4cccc5cccc(c3cc2c1)c45
Dicofol,1,370.49,1,2,2,20.23,-5.666,OC(c1ccc(Cl)cc1)(c2ccc(Cl)cc2)C(Cl)(Cl)Cl
Acenapthene,2,154.21200000000002,0,3,0,0.0,-4.63,C1Cc2cccc3cccc1c23
Dialifos,1,393.85400000000004,0,2,8,55.84,-6.34,CCOP(=S)(OCC)SC(CCl)N2C(=O)c1ccccc1C2=O
"1,4-Dibromobenzene",1,235.90599999999998,0,1,0,0.0,-4.07,Brc1ccc(Br)cc1
Methazole,1,261.064,0,2,1,57.14,-2.82,Cn2c(=O)on(c1ccc(Cl)c(Cl)c1)c2=O
p-Phenylphenol,1,170.21099999999998,1,2,1,20.23,-3.48,Oc1ccc(cc1)c2ccccc2
pyracarbolid,1,217.268,1,2,2,38.33,-2.56,CC1=C(CCCO1)C(=O)Nc2ccccc2 
Ethyl vinyl ether,1,72.107,0,0,2,9.23,-0.85,CCOC=C
1-Butyne,1,54.092,0,0,0,0.0,-1.24,CCC#C
4-methoxypteridine,1,162.15200000000002,0,2,1,60.79,-1.11,COc1ncnc2nccnc12 
3-Methyl-3-heptanol,1,130.231,1,0,4,20.23,-1.6,CCCCC(C)(O)CC
"1,4-Dichlorobenzene",1,147.004,0,1,0,0.0,-3.27,Clc1ccc(Cl)cc1
3-Ethanoyloxymethylphenytoin,1,324.336,1,3,4,75.71,-4.47,O=C1N(COC(=O)C)C(=O)C(N1)(c2ccccc2)c3ccccc3
"Sparsomycin (3,8mg/ml)",1,361.445,4,1,8,132.12,-1.9809999999999999,CSCS(=O)CC(CO)NC(=O)C=Cc1c(C)[nH]c(=O)[nH]c1=O
3-methylindole,1,131.178,1,2,0,15.79,-2.42,Cc1c[nH]c2ccccc12 
2-methoxypteridine,1,162.15200000000002,0,2,1,60.79,-1.11,COc2ncc1nccnc1n2
Dioxacarb,1,223.22799999999998,1,2,2,56.79,-1.57,CNC(=O)Oc1ccccc1C2OCCO2
isocarbamid,1,185.227,2,1,2,61.44,-2.15,C1N(C(=O)NCC(C)C)C(=O)NC1
Acetonitrile,1,41.053000000000004,0,0,0,23.79,0.26,CC#N
Fenoxycarb,1,301.342,1,2,7,56.79,-4.7,CCOC(=O)NCCOc2ccc(Oc1ccccc1)cc2
acetyl sulfisoxazole,1,293.348,1,2,3,89.43,-3.59,CC(=O)N(S(=O)c1ccc(N)cc1)c2onc(C)c2C 
"1,1,1,2-Tetrachloroethane",1,167.85,0,0,0,0.0,-2.18,ClCC(Cl)(Cl)Cl
1-Butanol,1,74.123,1,0,2,20.23,0.0,CCCCO
Siduron,1,232.327,2,2,2,41.13,-4.11,CC1CCCCC1NC(=O)Nc2ccccc2
"1,3,5-Trichlorobenzene",1,181.449,0,1,0,0.0,-4.48,Clc1cc(Cl)cc(Cl)c1
Furfural,1,96.085,0,1,1,30.21,-0.1,O=Cc1ccco1
3-Methylbutan-1-ol,1,88.15,1,0,2,20.23,-0.51,CC(C)CCO
piperonal,1,150.13299999999998,0,2,1,35.53,-1.63,O=Cc2ccc1OCOc1c2 
2-Methylpropene,1,56.108000000000004,0,0,0,0.0,-2.33,CC(=C)C
Benzaldehyde,1,106.124,0,1,1,17.07,-1.19,O=Cc1ccccc1
"2,3-Dimethyl-1,3-Butadiene",1,82.146,0,0,1,0.0,-2.4,CC(=C)C(=C)C
Benfuracarb,1,410.536,0,2,8,68.31,-4.71,CCOC(=O)CCN(SN(C)C(=O)Oc1cccc2CC(C)(C)Oc21)C(C)C
RTI 10,1,226.235,0,3,0,42.43,-3.6719999999999997,O2c1ccccc1N(C)C(=O)c3cccnc23 
Fluorene ,2,166.22299999999998,0,3,0,0.0,-5.0,C1c2ccccc2c3ccccc13
Methylcyclohexane ,1,98.189,0,1,0,0.0,-3.85,CC1CCCCC1
sulfaguanidine,1,214.25,4,1,2,122.06,-1.99,NC(=N)NS(=O)(=O)c1ccc(N)cc1 
Methylparaben,1,152.149,1,1,1,46.53,-1.827,COC(=O)c1ccc(O)cc1
2-Methyltetrahydrofurane,1,86.134,0,1,0,9.23,0.11,CC1CCCO1
Santonin,1,246.30599999999998,0,3,0,43.37,-3.09,CC3C2CCC1(C)C=CC(=O)C(=C1C2OC3=O)C
Salicin,1,286.28,5,2,4,119.61,-0.85,OCC2OC(Oc1ccccc1CO)C(O)C(O)C2O
1-Iodopropane,1,169.993,0,0,1,0.0,-2.29,CCCI
Ametryn,1,227.33700000000002,2,1,5,62.73,-3.04,CCNc1nc(NC(C)C)nc(SC)n1
1-Propanol,1,60.096000000000004,1,0,1,20.23,0.62,CCCO
Hydroxyprogesterone-17a,1,330.468,1,4,1,54.37,-3.8169999999999997,CC(=O)C1(O)CCC2C3CCC4=CC(=O)CCC4(C)C3CCC21C
2-Pentanol,1,88.15,1,0,2,20.23,-0.29,CCCC(C)O
benzoin,1,212.248,1,2,3,37.3,-2.85,OC(C(=O)c1ccccc1)c2ccccc2
"2,4-Dimethylphenol",1,122.167,1,1,0,20.23,-1.19,Cc1ccc(O)c(C)c1
m-Chloronitrobenzene ,1,157.556,0,1,1,43.14,-2.77,Clc1cccc(c1)N(=O)=O
ampyrone,1,203.245,1,2,1,52.95,-0.624,Cc2c(N)c(=O)n(c1ccccc1)n2C
"2,2',4,5'-PCB",1,291.992,0,2,1,0.0,-6.57,Clc1ccc(c(Cl)c1)c2cc(Cl)ccc2Cl 
"Hexachloro-1,3-butadiene",1,260.762,0,0,1,0.0,-4.92,ClC(=C(Cl)C(=C(Cl)Cl)Cl)Cl
Terbutryn,1,241.364,2,1,4,62.73,-4.0,CCNc1nc(NC(C)(C)C)nc(SC)n1
3-Methyl-2-pentanol,1,102.177,1,0,3,20.23,-0.71,CCC(C)CCO
2-methylpteridine,1,146.153,0,2,0,51.56,-0.12,Cc2ncc1nccnc1n2
Danazol,1,337.463,1,5,0,46.26,-5.507000000000001,CC23Cc1cnoc1C=C2CCC4C3CCC5(C)C4CCC5(O)C#C
1-Iodobutane,1,184.02,0,0,2,0.0,-2.96,CCCCI
2-Bromonapthalene,1,207.07,0,2,0,0.0,-4.4,Brc1ccc2ccccc2c1
"Digoxin (L1=41,8mg/mL, L2=68,2mg/mL, Z=40,1mg/mL)",1,780.949,6,8,7,203.06,-4.081,CC1OC(CC(O)C1O)OC2C(O)CC(OC2C)OC8C(O)CC(OC7CCC3(C)C(CCC4C3CC(O)C5(C)C(CCC45O)C6=CC(=O)OC6)C7)OC8C 
Benzyltrifluoride,1,146.111,0,1,0,0.0,-2.51,FC(F)(F)c1ccccc1
Dihexyl phthalate,1,334.45599999999996,0,1,12,52.6,-6.144,CCCCCCOC(=O)c1ccccc1C(=O)OCCCCCC
Dibenzothiophene,2,184.263,0,3,0,0.0,-4.38,c1ccc2c(c1)sc3ccccc23
"2,3',4,4'-PCB",1,326.437,0,2,1,0.0,-7.8,Clc1ccc(c(Cl)c1)c2ccc(Cl)c(Cl)c2Cl 
"2,2',3,3',4,4'-PCB",1,360.88199999999995,0,2,1,0.0,-8.01,Clc1ccc(c(Cl)c1Cl)c2ccc(Cl)c(Cl)c2Cl 
Warfarin,1,308.33299999999997,1,3,4,67.51,-3.8930000000000002,CC(=O)CC(c1ccccc1)c3c(O)c2ccccc2oc3=O 
hydrobenzoin,1,214.264,2,2,3,40.46,-1.93,c1ccccc1C(O)C(O)c2ccccc2
Dimethyl phthalate,1,194.18599999999998,0,1,2,52.6,-1.66,COC(=O)c1ccccc1C(=O)OC
Ethyl octanoate,1,172.268,0,0,7,26.3,-3.39,CCCCCCCC(=O)OCC
Diethyldisulfide,1,122.258,0,0,3,0.0,-2.42,CCSSCC
"1,2-Diethoxyethane ",1,118.176,0,0,5,18.46,-0.77,CCOCCOCC
"1,2,4,5-Tetrachlorobenzene",1,215.894,0,1,0,0.0,-5.56,Clc1cc(Cl)c(Cl)cc1Cl
p-benzidine,1,184.24200000000002,2,2,1,52.04,-2.7,Nc1ccc(cc1)c2ccc(N)cc2
1-Heptene,1,98.189,0,0,4,0.0,-3.73,CCCCCC=C
Ethirimol,1,209.293,2,1,5,57.78,-3.028,CCCCc1c(C)nc(NCC)[nH]c1=O
Pentobarbital,1,226.27599999999998,2,1,4,75.27,-2.39,O=C1NC(=O)NC(=O)C1(CC)C(C)CCC
o-Chloroaniline,1,127.574,1,1,0,26.02,-1.52,Nc1ccccc1Cl
3-Chloroanisole,1,142.585,0,1,1,9.23,-2.78,COc1cccc(Cl)c1
Pebulate,1,203.351,0,0,6,20.31,-3.53,CCCCN(CC)C(=O)SCCC
Butyl acetate,1,102.133,0,0,4,26.3,-1.37,CCCCOC=O
Prednisolone,1,360.45,3,4,2,94.83,-3.18,CC12CC(O)C3C(CCC4=CC(=O)C=CC34C)C2CCC1(O)C(=O)CO
Bromodichloromethane,1,163.829,0,0,0,0.0,-1.54,BrC(Cl)Cl
adrenosterone,1,300.39799999999997,0,4,0,51.21,-3.48,CC34CC(=O)C1C(CCC2=CC(=O)CCC12C)C3CCC4(=O) 
p-terphenyl,2,230.31,0,3,2,0.0,-7.11,c1ccc(cc1)c2ccc(cc2)c3ccccc3
p-Hydroxybenzaldehyde ,1,122.12299999999999,1,1,1,37.3,-0.96,Oc1ccc(C=O)cc1
Bromomethane,1,94.939,0,0,0,0.0,-0.79,CBr
Perfluidone,1,379.381,1,2,4,80.31,-3.8,Cc1cc(ccc1NS(=O)(=O)C(F)(F)F)S(=O)(=O)c2ccccc2
Coumachlor,1,342.778,1,3,4,67.51,-5.8389999999999995,CC(=O)CC(c1ccc(Cl)cc1)c2c(O)c3ccccc3oc2=O
2-Ethylnaphthalene,1,156.22799999999998,0,2,1,0.0,-4.29,CCc1ccc2ccccc2c1
5-methylcytosine,1,125.131,2,1,0,71.77,-1.4580000000000002,Nc1c(C)c[nH]c(=O)n1 
"2,3,4,5,6-PCB",1,326.437,0,2,1,0.0,-7.92,Clc2c(Cl)c(Cl)c(c1ccccc1)c(Cl)c2Cl 
benodanil,1,323.133,1,2,2,29.1,-4.21,c1c(NC(=O)c2ccccc2(I))cccc1
Riboflavin,1,376.369,5,3,5,161.56,-3.685,Cc3cc2nc1c(=O)[nH]c(=O)nc1n(CC(O)C(O)C(O)CO)c2cc3C
o-Fluorobromobenzene,1,175.0,0,1,0,0.0,-2.7,Fc1ccccc1Br
"2,4-Dichlorophenol ",1,163.003,1,1,0,20.23,-1.55,Oc1ccc(Cl)cc1Cl
Permethrin,1,391.29400000000004,0,3,6,35.53,-6.291,CC1(C)C(C=C(Cl)Cl)C1C(=O)OCc2cccc(Oc3ccccc3)c2
piroxicam,1,331.353,2,3,2,99.6,-4.16,CN2C(=C(O)c1ccccc1S2(=O)=O)C(=O)Nc3ccccn3 
3-Propanoyloxymethylphenytoin,1,338.36300000000006,1,3,5,75.71,-4.907,O=C1N(COC(=O)CC)C(=O)C(N1)(c2ccccc2)c3ccccc3
Cyclopentane ,2,70.135,0,1,0,0.0,-2.64,C1CCCC1
o-Toluidine,1,107.156,1,1,0,26.02,-2.21,Cc1ccccc1N
Estragole,1,148.205,0,1,3,9.23,-2.92,c1(OC)ccc(CC=C)cc1
karbutilate,1,279.34,2,1,2,70.67,-2.93,CN(C)C(=O)Nc1cccc(OC(=O)NC(C)(C)C)c1 
3-Methyl-1-Butene,1,70.135,0,0,1,0.0,-2.73,CC(C)C=C
2-Hydroxypyridine,1,95.101,1,1,0,33.12,1.02,Oc1ccccn1
Ethane,1,30.07,0,0,0,0.0,-1.36,CC
"1,2-Dichlorobenzene",1,147.004,0,1,0,0.0,-3.05,Clc1ccccc1Cl
mercaptobenzothiazole,1,167.25799999999998,1,2,0,12.89,-3.18,Sc2nc1ccccc1s2 
"2,2',3,3',4,4',5,5',6,6'-PCB",1,498.662,0,2,1,0.0,-11.6,Clc1c(Cl)c(Cl)c(c(Cl)c1Cl)c2c(Cl)c(Cl)c(Cl)c(Cl)c2Cl 
Methoxsalen,1,216.192,0,3,1,52.58,-3.6639999999999997,COc2c1occc1cc3ccc(=O)oc23 
Acetamide,1,59.068000000000005,1,0,0,43.09,1.58,CC(=O)N
1-Methylnaphthalene,1,142.201,0,2,0,0.0,-3.7,Cc1cccc2ccccc12
Napropamide,1,271.36,0,2,5,29.54,-3.57,CCN(CC)C(=O)C(C)Oc1cccc2ccccc12 
"3,3-Dimethyl-2-butanol",1,102.177,1,0,0,20.23,-0.62,CC(O)C(C)(C)C
Methyl pentanoate,1,116.16,0,0,3,26.3,-1.36,CCCC(=O)OCC
Menadione,1,172.183,0,2,0,34.14,-3.03,CC2=CC(=O)c1ccccc1C2=O 
Phenanthrene,2,178.234,0,3,0,0.0,-5.26,c1ccc2c(c1)ccc3ccccc32
"2,4-Dimethylpyridine",1,107.156,0,1,0,12.89,0.38,Cc1ccnc(C)c1
1-Nonanol,1,144.25799999999998,1,0,7,20.23,-3.01,CCCCCCCCCO
Dibromomethane,1,173.835,0,0,0,0.0,-1.17,BrCBr
Dexamethasone,1,392.467,3,4,2,94.83,-3.59,CC1CC2C3CCC4=CC(=O)C=CC4(C)C3(F)C(O)CC2(C)C1(O)C(=O)CO
"2,6-Dimethylnaphthalene ",1,156.22799999999998,0,2,0,0.0,-4.89,Cc1ccc2cc(C)ccc2c1
Butylate,1,217.378,0,0,5,20.31,-3.68,CCSC(=O)N(CC(C)C)CC(C)C
nitroglycerin,1,227.085,0,0,8,157.11,-2.22,O=N(=O)OCC(CON(=O)=O)ON(=O)=O 
m-Nitroaniline,1,138.126,1,1,1,69.16,-2.19,Nc1cccc(c1)N(=O)=O
1-Chlorobutane,1,92.569,0,0,2,0.0,-2.03,CCCCCl
triforine,1,430.934,2,1,6,64.68,-4.19,ClC(Cl)(Cl)C(NC=O)N1C=CN(C=C1)C(NC=O)C(Cl)(Cl)Cl 
Fluridone,1,329.32099999999997,0,3,2,22.0,-4.445,Cn2cc(c1ccccc1)c(=O)c(c2)c3cccc(c3)C(F)(F)F
6-aminochrysene,1,243.30900000000003,1,4,0,26.02,-6.2,Nc3cc2c1ccccc1ccc2c4ccccc34 
Estrone,1,270.372,1,4,0,37.3,-3.955,CC12CCC3C(CCc4cc(O)ccc34)C2CCC1=O
RTI 17,1,269.373,0,3,1,19.37,-4.706,CCN2c1ccccc1N(C)C(=S)c3cccnc23 
"1,2-Propylene oxide",1,58.08,0,1,0,12.53,-0.59,CC1CO1
Nitrazepam,1,281.27099999999996,1,3,2,84.6,-3.7960000000000003,O=C3CN=C(c1ccccc1)c2cc(ccc2N3)N(=O)=O
"1,3-diethylthiourea",1,132.232,2,0,2,24.06,-1.46,CCNC(=S)NCC
"2,3,5-Trichlorophenol",1,197.44799999999998,1,1,0,20.23,-2.67,Oc1cc(Cl)cc(Cl)c1Cl
Propyl propanoate,1,116.16,0,0,3,26.3,-1.34,CCCCC(=O)OC
Aniline ,1,93.12899999999999,1,1,0,26.02,-0.41,Nc1ccccc1
"1,5-Dimethlnapthalene",1,156.22799999999998,0,2,0,0.0,-4.678999999999999,Cc1cccc2c(C)cccc12
hydrochlorothiazide,1,297.745,3,2,1,118.36,-2.63,NS(=O)(=O)c2cc1c(NCNS1(=O)=O)cc2Cl 
Acenapthylene,2,152.196,0,3,0,0.0,-3.96,C1=Cc2cccc3cccc1c23
Ethyl butyrate,1,144.214,0,0,5,26.3,-1.28,CCCCCOC(=O)CC
Atratone,1,211.269,2,1,5,71.96,-2.084,CCNc1nc(NC(C)C)nc(OC)n1
Benzo(a)pyrene,2,252.31599999999997,0,5,0,0.0,-8.699,c1ccc2c(c1)cc3ccc4cccc5ccc2c3c45
Bromoethane,1,108.96600000000001,0,0,0,0.0,-1.09,CCBr
3-Hexyne,1,82.146,0,0,0,0.0,-1.99,CCC#CCC
Digitoxin,1,764.95,5,8,7,182.83,-5.292999999999999,CC1OC(CC(O)C1O)OC2C(O)CC(OC2C)OC8C(O)CC(OC7CCC3(C)C(CCC4C3CCC5(C)C(CCC45O)C6=CC(=O)OC6)C7)OC8C 
2-Methyl-1-Butene,1,70.135,0,0,1,0.0,-2.73,CCC(=C)C
8-quinolinol,1,145.161,1,2,0,33.12,-2.42,Oc1cccc2cccnc12 
"1,2,3,4-Tetrahydronapthalene",2,132.20600000000002,0,2,0,0.0,-4.37,C1CCc2ccccc2C1
phenolphthalein,1,318.328,2,4,2,66.76,-2.9,Oc1ccc(cc1)C2(OC(=O)c3ccccc23)c4ccc(O)cc4 
"1,3,5-Tribromobenzene",1,314.802,0,1,0,0.0,-5.6,Brc1cc(Br)cc(Br)c1
Ronnel,1,321.54900000000004,0,1,4,27.69,-5.72,COP(=S)(OC)Oc1cc(Cl)c(Cl)cc1Cl
methylthiouracil,1,142.183,2,1,0,48.65,-2.436,Cc1cc(=O)[nH]c(=S)[nH]1
Eugenol,1,164.204,1,1,3,29.46,-1.56,COc1cc(CC=C)ccc1O
5-Allyl-5-isopropylbarbital,1,210.233,2,1,3,75.27,-1.7080000000000002,O=C1NC(=O)NC(=O)C1(C(C)C)CC=C
Pyrene,2,202.25599999999997,0,4,0,0.0,-6.176,c1cc2ccc3cccc4ccc(c1)c2c34
"1,1-Diethoxyethane ",1,118.176,0,0,4,18.46,-0.43,CCOC(C)OCC
Clomazone,1,239.702,0,2,2,29.54,-2.338,CC1(C)CON(Cc2ccccc2Cl)C1=O
2-Butoxyethanol,1,118.176,1,0,5,29.46,-0.42,CCCCOCCO
Quintozene,1,295.336,0,1,1,43.14,-5.82,Clc1c(Cl)c(Cl)c(N(=O)=O)c(Cl)c1Cl
Androsterone,1,290.447,1,4,0,37.3,-4.402,CC12CCC(O)CC1CCC3C2CCC4(C)C3CCC4=O
Flurochloridone,1,312.118,0,2,2,20.31,-4.047,FC(F)(F)c1cccc(c1)N2CC(CCl)C(Cl)C2=O
Quinoline,2,129.162,0,2,0,12.89,-1.3,c1ccc2ncccc2c1
methyl gallate,1,184.14700000000002,3,1,1,86.99,-1.24,COC(=O)c1cc(O)c(O)c(O)c1 
fluconazole,1,306.276,1,3,5,81.65,-1.8,OC(Cn1cncn1)(Cn2cncn2)c3ccc(F)cc3F 
Chlorzoxazone,1,169.567,1,2,0,46.0,-2.8310000000000004,Clc2ccc1oc(=O)[nH]c1c2
"2,2',3,4,4',5',6-PCB",1,395.327,0,2,1,0.0,-7.92,Clc1ccc(c(Cl)c1)c2c(Cl)c(Cl)c(Cl)c(Cl)c2Cl
alloxan,1,142.07,2,1,0,92.34,-1.25,O=C1NC(=O)C(=O)C(=O)N1 
"1,3-Dichloropropane",1,112.98700000000001,0,0,2,0.0,-1.62,ClCCCCl
m-Fluorobromobenzene,1,175.0,0,1,0,0.0,-2.67,Fc1cccc(Br)c1
p-Chlorobromobenzene,1,191.455,0,1,0,0.0,-3.63,Clc1ccc(Br)cc1
"2,3-Dimethylbutane",1,86.178,0,0,1,0.0,-3.65,CC(C)C(C)C
1-Butene,1,56.108000000000004,0,0,1,0.0,-1.94,CCC=C
"2,2',3,4,5,5'-PCB",1,360.88199999999995,0,2,1,0.0,-7.68,Clc1ccc(Cl)c(c1)c2cc(Cl)c(Cl)c(Cl)c2Cl
cytosine,1,111.104,2,1,0,71.77,-1.155,Nc1cc[nH]c(=O)n1 
"1,1,2-Trichlorotrifluoroethane",1,187.375,0,0,1,0.0,-3.04,FC(F)(Cl)C(F)(Cl)Cl
Propionitrile,1,55.08,0,0,0,23.79,0.28,CCC#N
"O,P'-DDD",1,320.046,0,2,3,0.0,-6.51,ClC(Cl)C(c1ccc(Cl)cc1)c2ccccc2Cl 
o-Nitroanisole,1,153.137,0,1,2,52.37,-1.96,COc1ccccc1N(=O)=O
Prasterone,1,288.431,1,4,0,37.3,-4.12,CC34CCC1C(CC=C2CC(O)CCC12C)C3CCC4=O
Procymidone,1,284.142,0,3,1,37.38,-4.8,CC12CC2(C)C(=O)N(C1=O)c3cc(Cl)cc(Cl)c3
Benzo[ghi]perylene,2,276.33799999999997,0,6,0,0.0,-9.017999999999999,c1cc2ccc3ccc4ccc5cccc6c(c1)c2c3c4c56
Dinoseb,1,240.215,1,1,4,106.51,-3.38,CCC(C)c1cc(cc(N(=O)=O)c1O)N(=O)=O 
meconin,1,196.202,0,2,2,44.76,-1.899,c1c(OC)c(OC)C2C(=O)OCC2c1
Glycerol,1,92.094,3,0,2,60.69,1.12,OCC(O)CO
Guaiacol,1,124.139,1,1,1,29.46,-1.96,COc1ccccc1O 
chlorpyrifos,1,350.591,0,1,6,40.58,-5.67,CCOP(=S)(OCC)Oc1nc(Cl)c(Cl)cc1Cl 
9-Methylanthracene,1,192.261,0,3,0,0.0,-5.89,Cc1c2ccccc2cc3ccccc13
Antipyrene,1,188.23,0,2,1,26.93,0.715,Cc1cc(=O)n(c2ccccc2)n1C
Methyl butyl ether ,1,88.15,0,0,3,9.23,-0.99,CCCCOC
7-methylpteridine,1,146.153,0,2,0,51.56,-0.8540000000000001,Cc2cnc1cncnc1n2
simazine,1,201.66099999999997,2,1,4,62.73,-4.55,CCNc1nc(Cl)nc(NCC)n1 
"N,N-Dimethylacetamide",1,87.12200000000001,0,0,0,20.31,1.11,CN(C)C(=O)C
Simetryn,1,213.31,0,1,3,45.15,-2.676,CSc1nc(nc(n1)N(C)C)N(C)C
Ethylene,1,28.054000000000002,0,0,0,0.0,-0.4,C=C
"3,3-Dimethyl-1-butanol",1,102.177,1,0,1,20.23,-0.5,CC(C)(C)CCO
5-Allyl-5-ethylbarbital,1,196.206,2,1,3,75.27,-1.614,O=C1NC(=O)NC(=O)C1(CC)CC=C
"2,3,4-Trichlorophenol",1,197.44799999999998,1,1,0,20.23,-2.67,Oc1ccc(Cl)c(Cl)c1Cl
Anisole,1,108.14,0,1,1,9.23,-1.85,COc1ccccc1
chloropropylate,1,339.218,1,2,4,46.53,-4.53,c1ccc(Cl)cc1C(c2ccc(Cl)cc2)(O)C(=O)OC(C)C
aldosterone,1,360.45,2,4,3,91.67,-3.85,CC13CCC(=O)C=C1CCC4C2CCC(C(=O)CO)C2(CC(O)C34)C=O 
Difenoxuron,1,286.33099999999996,1,2,4,50.8,-4.16,COc2ccc(Oc1ccc(NC(=O)N(C)C)cc1)cc2
4-Ethyltoluene,1,120.195,0,1,1,0.0,-3.11,CCc1ccc(C)cc1
Diisopropylsulfide,1,118.245,0,0,2,0.0,-2.24,CC(C)SC(C)C
"1,3-Dinitrobenzene",1,168.108,0,1,2,86.28,-2.29,O=N(=O)c1cccc(c1)N(=O)=O
Ethion,1,384.48699999999997,0,0,12,36.92,-5.54,CCOP(=S)(OCC)SCSP(=S)(OCC)OCC
probarbital,1,198.222,2,1,2,75.27,-2.21,CCC1(C(C)C)C(=O)NC(=O)NC1=O 
cortisone acetate,1,402.48699999999997,1,4,3,97.74,-4.21,CC(=O)OCC(=O)C3(O)CCC4C2CCC1=CC(=O)CCC1(C)C2C(=O)CC34C 
Metronidazole,1,171.15599999999998,1,1,3,81.19,-1.22,Cc1ncc(N(=O)=O)n1CCO
p-Chloroaniline,1,127.574,1,1,0,26.02,-1.66,Nc1ccc(Cl)cc1
"2,2-Dimethylpentanol",1,116.204,1,0,3,20.23,-1.52,CCCC(C)(C)CO
Furane,2,68.075,0,1,0,13.14,-0.82,c1ccoc1
Methoproptryne,1,271.39,2,1,8,71.96,-2.928,COCCCNc1nc(NC(C)C)nc(SC)n1
Norea,1,222.332,1,3,1,32.34,-3.1710000000000003,CN(C)C(=O)NC1CC2CC1C3CCCC23
t-Butylbenzene ,1,134.222,0,1,0,0.0,-3.66,CC(C)(C)c1ccccc1
kebuzone,1,322.36400000000003,0,3,5,57.69,-3.27,CC(=O)CCC1C(=O)N(N(C1=O)c2ccccc2)c3ccccc3
prednisolone acetate,1,402.48699999999997,2,4,3,100.9,-4.37,CC(=O)OCC(=O)C3(O)CCC4C2CCC1=CC(=O)C=CC1(C)C2C(O)CC34C 
Methyl propyl ether ,1,74.123,0,0,2,9.23,-0.39,CCCOC
Isopropyl acetate,1,102.133,0,0,1,26.3,-0.55,CC(C)OC(=O)C
Bromobenzene,1,157.01,0,1,0,0.0,-2.55,Brc1ccccc1
Ethyl-p-hydroxybenzoate ,1,166.176,1,1,2,46.53,-2.35,CCOC(=O)c1ccc(O)cc1
3-Butanoyloxymethylphenytoin,1,352.39,1,3,6,75.71,-5.071000000000001,O=C1N(COC(=O)CCC)C(=O)C(N1)(c2ccccc2)c3ccccc3
testosterone propionate,1,344.495,0,4,2,43.37,-5.37,CCC(=O)OC3CCC4C2CCC1=CC(=O)CCC1(C)C2CCC34C 
Coronene,2,300.36,0,7,0,0.0,-9.332,c1cc2ccc3ccc4ccc5ccc6ccc1c7c2c3c4c5c67
allopurinol,1,136.114,2,2,0,74.43,-2.266,O=c1[nH]cnc2[nH]ncc12 
Chloroethylene,1,62.498999999999995,0,0,0,0.0,-1.75,ClC=C
diphenamid,1,239.31799999999998,0,2,3,20.31,-2.98,CN(C)C(=O)C(c1ccccc1)c2ccccc2 
Tetrabromomethane,1,331.62699999999995,0,0,0,0.0,-3.14,BrC(Br)(Br)Br
RTI 22,1,296.374,1,3,2,48.47,-4.871,CCN2c1cc(N(C)C)cc(C)c1NC(=O)c3cccnc23 
phthalimide,1,147.13299999999998,1,2,0,46.17,-2.61,O=C1NC(=O)c2ccccc12 
Fenarimol,1,331.202,1,3,3,46.01,-4.38,OC(c1ccc(Cl)cc1)(c2cncnc2)c3ccccc3Cl
Methyl benzoate ,1,136.15,0,1,1,26.3,-1.85,COC(=O)c1ccccc1
1-methyluracil,1,126.115,1,1,0,54.86,-0.807,Cn1ccc(=O)[nH]c1=O
oxyphenbutazone,1,324.38,1,3,5,60.85,-3.73,CCCCC1C(=O)N(N(C1=O)c2ccc(O)cc2)c3ccccc3 
"2,2',3,5'-PCB",1,291.992,0,2,1,0.0,-6.47,Clc1ccc(Cl)c(c1)c2cccc(Cl)c2Cl 
Quinethazone,1,289.744,3,2,2,101.29,-3.29,CCC2NC(=O)c1cc(c(Cl)cc1N2)S(N)(=O)=O
Diuron,1,233.09799999999998,1,1,1,32.34,-3.8,CN(C)C(=O)Nc1ccc(Cl)c(Cl)c1
Cyclopentene ,2,68.119,0,1,0,0.0,-2.1,C1CC=CC1
alloxantin,1,286.156,6,2,1,191.0,-1.99,C1(=O)NC(=O)NC(=O)C1(O)C2(O)C(=O)NC(=O)NC2(=O)
Nonane,1,128.259,0,0,6,0.0,-5.88,CCCCCCCCC
2-Chlorophenol,1,128.558,1,1,0,20.23,-1.06,Oc1ccccc1Cl
5-Methylchrysene,1,242.321,0,4,0,0.0,-6.59,c1cccc2c3c(C)cc4ccccc4c3ccc12
Phenetole,1,122.167,0,1,2,9.23,-2.33,CCOc1ccccc1
ethyl cinnamate,1,176.215,0,1,3,26.3,-3.0,CCOC(=O)C=Cc1ccccc1
Terbacil,1,216.668,1,1,0,54.86,-2.484,Cc1[nH]c(=O)n(c(=O)c1Cl)C(C)(C)C
Clonazepam,1,315.716,1,3,2,84.6,-3.4989999999999997,Clc1ccccc1C2=NCC(=O)Nc3ccc(cc23)N(=O)=O
p-Toluenesulfonamide ,1,171.22099999999998,1,1,1,60.16,-1.74,Cc1ccc(cc1)S(=O)(=O)N
Chlorbufam,1,223.65900000000002,1,1,2,38.33,-2.617,CC(OC(=O)Nc1cccc(Cl)c1)C#C
2-Methylheptane,1,114.23200000000001,0,0,4,0.0,-5.08,CCCCCC(C)C
Cyhalothrin,1,449.856,0,3,6,59.32,-8.176,CC1(C)C(C=C(Cl)C(F)(F)F)C1C(=O)OC(C#N)c2cccc(Oc3ccccc3)c2
Apazone,1,300.362,0,3,2,56.22,-3.5380000000000003,CCCC1C(=O)N3N(C1=O)c2cc(C)ccc2N=C3N(C)C 
Diazepam,1,284.746,0,3,1,32.67,-3.7539999999999996,CN2C(=O)CN=C(c1ccccc1)c3cc(Cl)ccc23
2-Methyl-3-pentanol,1,102.177,1,0,2,20.23,-0.7,CCC(O)C(C)C
fensulfothion,1,308.361,0,1,7,44.76,-2.3,CCOP(=S)(OCC)Oc1ccc(cc1)S(C)=O 
borneol,1,154.253,1,2,0,20.23,-2.32,CC1(C)C2CCC1(C)C(O)C2
Testosterone,1,288.431,1,4,0,37.3,-4.02,CC12CCC3C(CCC4=CC(=O)CCC34C)C2CCC1O
Heptane,1,100.205,0,0,4,0.0,-4.53,CCCCCCC
1-Napthol,1,144.173,1,2,0,20.23,-2.22,Oc1cccc2ccccc12
"cis-1,2-Dimethylcyclohexane",1,112.21600000000001,0,1,0,0.0,-4.3,C/C1CCCCC1\C
Trimazosin,1,435.481,2,3,6,132.5,-3.638,COc2cc1c(N)nc(nc1c(OC)c2OC)N3CCN(CC3)C(=O)OCC(C)(C)O 
Cholanthrene,2,254.332,0,5,0,0.0,-7.85,C1Cc2c3c1cccc3cc4c2ccc5ccccc54
Medrogestone,1,340.50699999999995,0,4,1,34.14,-5.27,CC(=O)C3(C)CCC4C2C=C(C)C1=CC(=O)CCC1(C)C2CCC34C
2-Heptanone,1,114.18799999999999,0,0,4,17.07,-1.45,CCCCCC(=O)C
Acephate,1,183.169,1,0,3,55.4,0.54,COP(=O)(NC(C)=O)SC 
DEF,1,314.522,0,0,12,17.07,-5.14,CCCCSP(=O)(SCCCC)SCCCC
phthalamide,1,149.149,1,2,0,46.17,-2.932,c1cC2C(=O)NC(=O)C2cc1
Trichlomethiazide,1,380.662,3,2,2,118.36,-2.68,NS(=O)(=O)c2cc1c(NC(NS1(=O)=O)C(Cl)Cl)cc2Cl 
2-Methy-2-Butene,1,70.135,0,0,0,0.0,-2.56,CC=C(C)C
"1,2,4-Trimethylbenzene",1,120.195,0,1,0,0.0,-3.31,Cc1ccc(C)c(C)c1
"2,4,5-Trichlorophenol ",1,197.44799999999998,1,1,0,20.23,-2.21,Oc1cc(Cl)c(Cl)cc1Cl
phenanthridine,2,179.222,0,3,0,12.89,-2.78,c1ccc2c(c1)cnc3ccccc23 
3-Methyl-3-hexanol,1,116.204,1,0,3,20.23,-0.98,CCCC(C)(O)CC
Octane,1,114.23200000000001,0,0,5,0.0,-5.24,CCCCCCCC
Anthracene,2,178.234,0,3,0,0.0,-6.35,c1ccc2cc3ccccc3cc2c1
Phenylhydrazine,1,108.14399999999999,2,1,1,38.05,0.07,NNc1ccccc1
Propionaldehyde,1,58.08,0,0,1,17.07,0.58,CCC=O
Cyclooctane,2,112.21600000000001,0,1,0,0.0,-4.15,C1CCCCCCC1
"5,5-Diallylbarbital",1,208.217,2,1,4,75.27,-2.077,O=C1NC(=O)NC(=O)C1(CC=C)CC=C
Trichloromethane,1,119.37799999999999,0,0,0,0.0,-1.17,ClC(Cl)Cl
thiouracil,1,128.156,2,1,0,45.75,-2.273,Sc1nccc(=O)[nH]1 
Pencycuron,1,328.843,1,3,4,32.34,-5.915,Clc1ccc(CN(C2CCCC2)C(=O)Nc3ccccc3)cc1
1-Methylcyclohexene ,1,96.17299999999999,0,1,0,0.0,-3.27,CC1=CCCCC1
2-Ethylhexanal,1,128.215,0,0,5,17.07,-2.13,CCCCC(CC)C=O
Khellin,1,260.245,0,3,2,61.81,-3.0210000000000004,COc2c1occc1c(OC)c3c(=O)cc(C)oc23 
5-Ethyl-5-(3-methylbutyl)barbital,1,226.27599999999998,2,1,4,75.27,-2.658,O=C1NC(=O)NC(=O)C1(CC)CCC(C)C
Benzo(j)fluoranthene,2,252.31599999999997,0,5,0,0.0,-8.0,c1ccc2c3c(ccc2c1)c4cccc5cccc3c45
2-Ethylbutanal,1,100.161,0,0,3,17.07,-1.52,CCC(CC)C=O
Dipropyl ether,1,102.177,0,0,4,9.23,-1.62,CCCOCCC
1-Tetradecanol,1,214.393,1,0,12,20.23,-5.84,CCCCCCCCCCCCCCO
"2,3,6-Trichlorophenol",1,197.44799999999998,1,1,0,20.23,-2.64,Oc1c(Cl)ccc(Cl)c1Cl
Urea,1,60.056000000000004,2,0,0,69.11,0.96,NC(=O)N
1-Pentyne,1,68.119,0,0,1,0.0,-1.64,CCCC#C
"1,3-Dibromobenzene",1,235.90599999999998,0,1,0,0.0,-3.54,Brc1cccc(Br)c1
1-Octadecanol,1,270.501,1,0,16,20.23,-8.4,CCCCCCCCCCCCCCCCCCO
Acetanilide,1,135.166,1,1,1,29.1,-1.33,CC(=O)Nc1ccccc1
hematein,1,300.26599999999996,4,4,0,107.22,-2.7,c1cc(O)c(O)c2OCC3(O)CC4=CC(=O)C(O)=CC4=C3c21
Isonazid,1,137.142,2,1,1,68.01,0.009000000000000001,c1nccc(C(=O)NN)c1
hydroxychlordene,1,354.875,1,3,0,20.23,-5.46,OC1C=CC2C1C3(Cl)C(=C(Cl)C2(Cl)C3(Cl)Cl)Cl 
Isopentyl formate,1,116.16,0,0,4,26.3,-1.52,CC(C)CCOC=O
Acetophenone,1,120.15100000000001,0,1,1,17.07,-1.28,CC(=O)c1ccccc1
biquinoline,2,256.308,0,4,1,25.78,-5.4,c2ccc1nc(ccc1c2)c4ccc3ccccc3n4 
Triethyl phosphate,1,182.15599999999998,0,0,6,44.76,0.43,CCOP(=O)(OCC)OCC
D-fenchone,1,152.237,0,2,0,17.07,-1.85,CC2(C)C1CCC(C)(C1)C2=O
7-methoxypteridine,1,162.15200000000002,0,2,1,60.79,-0.91,COc2cnc1cncnc1n2
Chlordene,1,338.876,0,3,0,0.0,-5.64,ClC2=C(Cl)C3(Cl)C1C=CCC1C2(Cl)C3(Cl)Cl 
2-Nitropropane,1,89.094,0,0,1,43.14,-0.62,CC(C)N(=O)=O
Carbazole,2,167.21099999999998,1,3,0,15.79,-5.27,c1ccc2c(c1)[nH]c3ccccc32
Erythritol,1,122.12,4,0,3,80.92,0.7,OCC(O)C(O)CO
Risocaine,1,179.21900000000002,1,1,3,52.32,-2.452,CCCOC(=O)c1ccc(N)cc1
Azodrin,1,223.165,1,0,5,73.86,0.6509999999999999,CNC(=O)C=C(C)OP(=O)(OC)OC
Succinimide,1,99.089,1,1,0,46.17,0.3,O=C1CCC(=O)N1
"2,3-Dimethylpentane",1,100.205,0,0,2,0.0,-4.28,CCC(C)C(C)C
bupirimate,1,316.427,1,1,8,84.42,-4.16,CCCCc1c(C)nc(NCC)nc1OS(=O)(=O)N(C)C 
RTI 16,1,270.361,0,3,1,32.26,-4.6339999999999995,CCN2c1ncccc1N(C)C(=S)c3cccnc23 
RTI 9,1,239.274,0,3,1,29.54,-3.68,O2c1ccccc1N(CC)C(=O)c3ccccc23 
Tetrahydropyran ,2,86.134,0,1,0,9.23,-0.03,C1CCOCC1
1-Heptyne,1,96.17299999999999,0,0,3,0.0,-3.01,CCCCCC#C
osthole,1,244.29,0,2,3,39.44,-4.314,c1cc2ccc(OC)c(CC=C(C)(C))c2oc1=O 
3-Methylcholanthrene,1,268.35900000000004,0,5,0,0.0,-7.92,c1cc(C)cc2c1c3cc4cccc5CCc(c45)c3cc2
Ethyl benzoate ,1,150.17700000000002,0,1,2,26.3,-2.32,CCOC(=O)c1ccccc1
1-Chloro-2-methylpropane,1,92.569,0,0,1,0.0,-2.0,ClCC(C)C
Ethinyl estradiol,1,296.41,2,4,0,40.46,-4.3,CC34CCC1C(CCc2cc(O)ccc12)C3CCC4(O)C#C 
methyl laurate,1,214.34900000000002,0,0,10,26.3,-4.69,CCCCCCCCCCCC(=O)OC
Di-n-propylsulfide,1,118.245,0,0,4,0.0,-2.58,CCCSCCC
Napthacene,2,228.294,0,4,0,0.0,-8.6,c1ccc2cc3cc4ccccc4cc3cc2c1
1-Bromopentane,1,151.047,0,0,3,0.0,-3.08,CCCCCBr
trans-2-Heptene ,1,98.189,0,0,3,0.0,-3.82,CCCC/C=C/C
Metranidazole,1,171.15599999999998,1,1,3,81.19,-1.26,Cc1ncc(N(=O)=O)n1CCO 
Pentylcyclopentane,1,140.27,0,1,4,0.0,-6.08,CCCCCC1CCCC1
"2,2',3,5,5',6-PCB",1,360.88199999999995,0,2,1,0.0,-7.42,Clc1ccc(Cl)c(c1)c2c(Cl)c(Cl)cc(Cl)c2Cl 
5-Ethyl-5-isopropylbarbituric acid,1,198.222,2,1,2,75.27,-2.148,O=C1NC(=O)NC(=O)C1(CC)C(C)C
"1,1,1-Trichloroethane",1,133.405,0,0,0,0.0,-2.0,CC(Cl)(Cl)Cl
Monolinuron,1,214.65200000000002,1,1,2,41.57,-2.57,CON(C)C(=O)Nc1ccc(Cl)cc1
Cyclohexyl-5-spirobarbituric acid,1,196.206,2,2,0,75.27,-3.06,O=C2NC(=O)C1(CCCCC1)C(=O)N2
dimetan,1,211.261,0,1,1,46.61,-0.85,CN(C)C(=O)OC1=CC(=O)CC(C)(C)C1 
4-Bromotoluene,1,171.037,0,1,0,0.0,-3.19,Cc1ccc(Br)cc1
Diethyl ether ,1,74.123,0,0,2,9.23,-0.09,CCOCC
Rovral,1,330.171,1,2,2,69.72,-4.376,CC(C)NC(=O)N1CC(=O)N(C1=O)c2cc(Cl)cc(Cl)c2
Benfluralin,1,335.282,0,1,7,89.52,-5.53,CCCCN(CC)c1c(cc(cc1N(=O)=O)C(F)(F)F)N(=O)=O
"2,4,6-Trimethylphenol",1,136.194,1,1,0,20.23,-2.05,Cc1cc(C)c(O)c(C)c1
Benzene ,2,78.11399999999999,0,1,0,0.0,-1.64,c1ccccc1
p-Chloroiodobenzene,1,238.455,0,1,0,0.0,-4.03,Clc1ccc(I)cc1
Metoxuron,1,228.679,1,1,2,41.57,-2.5639999999999996,COc1ccc(NC(=O)N(C)C)cc1Cl
propachlor,1,211.692,0,1,3,20.31,-2.48,CC(C)N(C(=O)CCl)c1ccccc1 
Styrene,1,104.152,0,1,1,0.0,-2.82,C=Cc1ccccc1
Dimethoxymethane,1,76.095,0,0,2,18.46,0.48,COCOC
o-Xylene ,1,106.16799999999999,0,1,0,0.0,-2.8,Cc1ccccc1C
Butan-2-ol,1,74.123,1,0,1,20.23,0.47,CCC(C)O
"1,4-Benzenediol",1,110.11200000000001,2,1,0,40.46,-0.17,Oc1ccc(O)cc1
estriol,1,288.387,3,4,0,60.69,-4.955,CC34CCC1C(CCc2cc(O)ccc12)C3CC(O)C4O 
Benzo(b)fluorene,2,216.283,0,4,0,0.0,-8.04,C1c2ccccc2c3cc4ccccc4cc13
hydantoin,1,100.07700000000001,2,1,0,58.2,-0.4,O=C1CNC(=O)N1 
4-hexylresorcinol,1,194.274,2,1,5,40.46,-2.59,c1(O)cc(O)ccc1CCCCCC
allicin,1,162.279,0,0,5,17.07,-0.83,C=CCS(=O)SCC=C
Coumaphos,1,362.77099999999996,0,2,6,57.9,-5.382000000000001,CCOP(=S)(OCC)Oc2ccc1oc(=O)c(Cl)c(C)c1c2
"5,6-Dimethylchrysene",1,256.348,0,4,0,0.0,-7.01,Cc1c(C)c2c3ccccc3ccc2c4ccccc14
Betamethasone-17-valerate,1,476.585,2,4,6,100.9,-4.71,CCCCC(=O)OC3(C(C)CC4C2CCC1=CC(=O)C=CC1(C)C2(F)C(O)CC34C)C(=O)CO
uric acid,1,168.112,4,2,0,114.37,-3.93,O=c2[nH]c(=O)c1[nH]c(=O)[nH]c1[nH]2 
"2,3,4,6-Tetrachlorophenol",1,231.893,1,1,0,20.23,-3.1,Oc1c(Cl)cc(Cl)c(Cl)c1Cl
"1,3-Dichlorobenzene",1,147.004,0,1,0,0.0,-3.04,Clc1cccc(Cl)c1
DDT,1,354.491,0,2,2,0.0,-7.15,Clc1ccc(cc1)C(c2ccc(Cl)cc2)C(Cl)(Cl)Cl
Isobutyl formate,1,102.133,0,0,3,26.3,-1.01,CC(C)COC=O
thioanisole,1,124.208,0,1,1,0.0,-2.39,c1ccccc1SC
RTI 13,1,322.29,1,3,1,58.12,-4.207,CCN2c1nc(C)cc(C(F)(F)F)c1NC(=O)c3cccnc23 
Hexane ,1,86.178,0,0,3,0.0,-3.84,CCCCCC
methyl nicotinate,1,137.138,0,1,1,39.19,-0.46,COC(=O)c1cccnc1 
Bendroflumethiazide,1,421.42199999999997,3,3,3,118.36,-3.59,NS(=O)(=O)c3cc2c(NC(Cc1ccccc1)NS2(=O)=O)cc3C(F)(F)F
"2,3,3',4,4',5-PCB",1,360.88199999999995,0,2,1,0.0,-7.82,Clc1ccc(cc1Cl)c2cc(Cl)c(Cl)c(Cl)c2Cl 
Vinclozolin,1,286.11400000000003,0,2,2,46.61,-4.925,CC1(OC(=O)N(C1=O)c2cc(Cl)cc(Cl)c2)C=C
Cyanazine,1,240.69799999999998,2,1,4,86.52,-3.15,CCNc1nc(Cl)nc(NC(C)(C)C#N)n1
Triphenylene,2,228.294,0,4,0,0.0,-6.726,c1ccc2c(c1)c3ccccc3c4ccccc24
Dienestrol,1,266.34,2,2,3,40.46,-4.95,CC=C(C(=CC)c1ccc(O)cc1)c2ccc(O)cc2
Di(2-ethylhexyl)-phthalate,1,390.564,0,1,14,52.6,-6.96,CCCCC(CC)COC(=O)c1ccccc1C(=O)OCC(CC)CCCC
2-Ethyl pyridine,1,107.156,0,1,1,12.89,0.51,CCc1ccccn1
Naled,1,380.784,0,0,5,44.76,-2.28,COP(=O)(OC)OC(Br)C(Cl)(Cl)Br
Biphenyl,2,154.21200000000002,0,2,1,0.0,-4.345,c1ccc(cc1)c2ccccc2
"2,2',4,4',6,6'-PCB",1,360.88199999999995,0,2,1,0.0,-8.71,Clc1cc(Cl)c(c(Cl)c1)c2c(Cl)cc(Cl)cc2Cl 
Altretamine,1,210.285,0,1,3,48.39,-3.364,CN(C)c1nc(nc(n1)N(C)C)N(C)C
"2,4-Dimethyl-2-pentanol ",1,116.204,1,0,2,20.23,-0.92,CC(C)CC(C)(C)O
Cycloheptyl-5-spirobarbituric acid,1,210.233,2,2,0,75.27,-3.168,O=C2NC(=O)C1(CCCCCC1)C(=O)N2 
Fructose,1,180.15599999999998,5,1,2,110.38,0.64,OCC1OC(O)(CO)C(O)C1O
"3,5-Dimethylphenol",1,122.167,1,1,0,20.23,-1.4,Cc1cc(C)cc(O)c1
Barban,1,258.10400000000004,1,1,2,38.33,-4.37,ClCC#CCOC(=O)Nc1cccc(Cl)c1
p-Chloroacetanilide,1,169.611,1,1,1,29.1,-2.843,CC(=O)Nc1ccc(Cl)cc1
"2,2',3,4,5,5',6-PCB",1,395.327,0,2,1,0.0,-8.94,Clc1ccc(Cl)c(c1)c2c(Cl)c(Cl)c(Cl)c(Cl)c2Cl
"2,2-Dimethylbutane",1,86.178,0,0,0,0.0,-3.55,CCC(C)(C)C
N-Methylaniline ,1,107.156,1,1,1,12.03,-1.28,CNc1ccccc1
"1,4-Pentadiene ",1,68.119,0,0,2,0.0,-2.09,C=CCC=C
Hydrocortisone 21-acetate,1,404.50300000000004,2,4,3,100.9,-4.88,CC(=O)OCC(=O)C1(O)CCC2C3CCC4=CC(=O)CCC4(C)C3C(O)CC21C
DNOC,1,198.13400000000001,1,1,2,106.51,-1.456,Cc1cc(cc(N(=O)=O)c1O)N(=O)=O
Lorazepam,1,321.163,2,3,1,61.69,-3.6039999999999996,OC3N=C(c1ccccc1Cl)c2cc(Cl)ccc2NC3=O
3-Chlorophenol,1,128.558,1,1,0,20.23,-0.7,Oc1cccc(Cl)c1
m-Chlorobromobenzene,1,191.455,0,1,0,0.0,-3.21,Clc1cccc(Br)c1
chlorothiazide,1,295.72900000000004,2,2,1,118.69,-3.05,NS(=O)(=O)c2cc1c(N=CNS1(=O)=O)cc2Cl 
5-Methyl-5-ethylbarbituric acid,1,170.168,2,1,1,75.27,-1.228,O=C1NC(=O)NC(=O)C1(C)CC
2-Phenoxyethanol,1,138.166,1,1,3,29.46,-0.7,OCCOc1ccccc1
Diphenylmethane,2,168.239,0,2,2,0.0,-4.08,C(c1ccccc1)c2ccccc2
3-Octanol,1,130.231,1,0,5,20.23,-1.98,CCCCCC(O)CC
Flumetralin,1,421.73400000000004,0,2,6,89.52,-6.78,CCN(Cc1c(F)cccc1Cl)c2c(cc(cc2N(=O)=O)C(F)(F)F)N(=O)=O
Propazine,1,229.715,2,1,4,62.73,-4.43,CC(C)Nc1nc(Cl)nc(NC(C)C)n1
2-Methylpentanol,1,102.177,1,0,3,20.23,-1.11,CCCC(C)CO
2-Methyl-2-hexanol,1,116.204,1,0,3,20.23,-1.08,CCCCC(C)(C)O
Ethylbenzene,1,106.16799999999999,0,1,1,0.0,-2.77,CCc1ccccc1
5-(3-Methyl-2-butenyl)-5-ethylbarbital,1,224.26,2,1,3,75.27,-2.253,O=C1NC(=O)NC(=O)C1(CC)CC=C(C)C
Heptachlor,1,373.32099999999997,0,3,0,0.0,-6.317,ClC1C=CC2C1C3(Cl)C(=C(Cl)C2(Cl)C3(Cl)Cl)Cl
butallylonal,1,303.156,2,1,4,75.27,-2.647,CCC(C)C1(CC(Br)=C)C(=O)NC(=O)NC1=O 
Fenpropathrin,1,349.43,0,3,5,59.32,-6.025,CC1(C)C(C(=O)OC(C#N)c2cccc(Oc3ccccc3)c2)C1(C)C
Methoprene,1,310.478,0,0,10,35.53,-5.19,COC(C)(C)CCCC(C)CC=CC(C)=CC(=O)OC(C)C
Ethyl propionate,1,102.133,0,0,2,26.3,-0.66,CCOC(=O)CC
Prometryn,1,241.364,2,1,5,62.73,-4.1,CSc1nc(NC(C)C)nc(NC(C)C)n1
Buturon,1,236.702,1,1,2,32.34,-3.9,CC(C#C)N(C)C(=O)Nc1ccc(Cl)cc1
"2,3-Dimethylnaphthalene",1,156.22799999999998,0,2,0,0.0,-4.72,Cc1cc2ccccc2cc1C
"2,4',5-PCB",1,257.547,0,2,1,0.0,-6.25,Clc1ccc(cc1)c2cc(Cl)ccc2Cl 
"2,3',4,4',5-PCB",1,360.88199999999995,0,2,1,0.0,-7.39,Clc1ccc(c(Cl)c1)c2cc(Cl)c(Cl)c(Cl)c2Cl 
2-cyanoguanidine,1,84.08200000000001,2,0,0,88.19,-0.31,NC(N)=NC#N 
Chloropicrin,1,164.375,0,0,0,43.14,-2.0,ClC(Cl)(Cl)N(=O)=O
"2,6-PCB",1,223.102,0,2,1,0.0,-5.21,Clc1cccc(Cl)c1c2ccccc2 
p-Methoxybenzaldehyde,1,136.15,0,1,2,26.3,-1.49,COc1ccc(C=O)cc1
4-Nitroacetanilide,1,180.16299999999998,1,1,2,72.24,-2.6919999999999997,CC(=O)Nc1ccc(cc1)N(=O)=O
Ethyl heptanoate,1,158.241,0,0,6,26.3,-2.74,CCCCCCC(=O)OCC
p-Hydroxyacetanilide,1,151.165,2,1,1,49.33,-1.03,CC(=O)Nc1ccc(O)cc1
indazole,2,118.139,1,2,0,28.68,-2.16,c2ccc1[nH]ncc1c2 
triamcinolone acetonide,1,434.504,2,5,2,93.06,-4.31,CC5(C)OC4CC3C2CCC1=CC(=O)C=CC1(C)C2(F)C(O)CC3(C)C4(O5)C(=O)CO 
guanine,1,151.129,3,2,0,100.45,-3.583,Nc2nc1[nH]cnc1c(=O)[nH]2 
Methyl acetate,1,74.079,0,0,0,26.3,0.46,COC(=O)C
Stanolone,1,290.447,1,4,0,37.3,-4.743,CC34CCC1C(CCC2CC(=O)CCC12C)C3CCC4O 
1-Hexene-3-ol,1,100.161,1,0,3,20.23,-0.59,CCCC(O)C=C
norbormide,1,511.58099999999996,2,7,5,92.18,-3.931,OC(C1=CC2C5C(C1C2=C(c3ccccc3)c4ccccn4)C(=O)NC5=O)(c6ccccc6)c7ccccn7 
Dibutyl ether ,1,130.231,0,0,6,9.23,-1.85,CCCCOCCCC
1-Dodecanol,1,186.33900000000003,1,0,10,20.23,-4.8,CCCCCCCCCCCCO
RTI 6,1,313.361,2,3,4,81.59,-3.36,CCN2c1nc(N(C)(CCO))ccc1NC(=O)c3cccnc23 
2-Methyl-2-pentanol,1,102.177,1,0,2,20.23,-0.49,CCCC(C)(C)O
Flucytosine,1,129.094,2,1,0,71.77,-0.972,Nc1nc(=O)[nH]cc1F
stadacaine,1,293.407,0,1,9,38.77,-3.84,CCCCOc1ccc(C(=O)OCC)c(c1)N(CC)CC 
2-Methyl-2-heptanol,1,130.231,1,0,4,20.23,-1.72,CCCCCC(C)(C)O
Hexamethylbenzene,1,162.276,0,1,0,0.0,-5.23,Cc1c(C)c(C)c(C)c(C)c1C
Thymol,1,150.221,1,1,1,20.23,-2.22,CC(C)c1ccc(C)cc1O
Pteridine,2,132.126,0,2,0,51.56,0.02,c2cnc1ncncc1n2
Parathion,1,291.265,0,1,7,70.83,-4.66,CCOP(=S)(OCC)Oc1ccc(cc1)N(=O)=O
Methane,0,16.043,0,0,0,0.0,-0.9,C
indoline,2,119.167,1,2,0,12.03,-1.04,c2ccc1NCCc1c2 
1-Nitronapthalene,1,173.171,0,2,1,43.14,-3.54,O=N(=O)c1cccc2ccccc12
3-Methyl-2-pentanone,1,100.161,0,0,2,17.07,-0.67,CCC(C)C(=O)C
isoguanine,1,151.129,3,2,0,100.71,-3.4010000000000002,Nc1nc(O)nc2nc[nH]c12 
bromadiolone,1,527.414,2,5,6,70.67,-4.445,OC(CC(c1ccccc1)c3c(O)c2ccccc2oc3=O)c4ccc(cc4)c5ccc(Br)cc5 
Nitromethane,1,61.04,0,0,0,43.14,0.26,CN(=O)=O
Triallate,1,304.67,0,0,4,20.31,-4.88,CC(C)N(C(C)C)C(=O)SCC(Cl)=C(Cl)Cl
"1,5-Hexadiene ",1,82.146,0,0,3,0.0,-2.68,C=CCCC=C
Indole,2,117.15100000000001,1,2,0,15.79,-1.52,c2ccc1[nH]ccc1c2
Androstenedione,1,286.415,0,4,0,34.14,-3.69,CC34CCC1C(CCC2=CC(=O)CCC12C)C3CCC4=O
1-Hexene,1,84.162,0,0,3,0.0,-3.23,CCCCC=C
Xipamide,1,354.815,3,2,3,109.49,-3.79,Cc1cccc(C)c1NC(=O)c2cc(c(Cl)cc2O)S(N)(=O)=O
Ethylcyclohexane,1,112.21600000000001,0,1,1,0.0,-4.25,CCC1CCCCC1
2-Nonanone,1,142.24200000000002,0,0,6,17.07,-2.58,CCCCCCCC(=O)C
Mebendazole,1,295.298,2,3,3,84.08,-3.88,COC(=O)Nc2nc1ccc(cc1[nH]2)C(=O)c3ccccc3
Chloropham,1,213.66400000000002,1,1,2,38.33,-3.38,CC(C)OC(=O)Nc1cccc(Cl)c1
RTI 12,1,288.738,0,3,1,49.33,-4.114,CCN2c1nc(Cl)ccc1N(C)C(=O)c3cccnc23 
Carbaryl,1,201.225,1,2,1,38.33,-3.2239999999999998,CNC(=O)Oc1cccc2ccccc12
Ethyne,1,26.038,0,0,0,0.0,0.29,C#C
"3,5-Dimethylpyridine",1,107.156,0,1,0,12.89,0.38,Cc1cncc(C)c1
"1,4-Cyclohexadiene",2,80.13,0,1,0,0.0,-2.06,C1C=CCC=C1
Mecarbam,1,329.38,0,0,8,65.07,-2.5180000000000002,CCOC(=O)N(C)C(=O)CSP(=S)(OCC)OCC
1-Phenylethanol,1,122.167,1,1,1,20.23,-0.92,CC(O)c1ccccc1
"1,2-Dichloropropane",1,112.98700000000001,0,0,1,0.0,-1.6,CC(Cl)CCl
2-Ethyl-2-hexanal,1,126.199,0,0,4,17.07,-2.46,CCCC=C(CC)C=O
Disulfoton,1,274.413,0,0,9,18.46,-4.23,CCOP(=S)(OCC)SCCSCC
methyltestosterone acetate,1,344.495,0,4,1,43.37,-5.284,CC(=O)OC3(C)CCC4C2CCC1=CC(=O)CCC1(C)C2CCC34C 
"2,4,6-PCB",1,257.547,0,2,1,0.0,-6.14,Clc1ccc(cc1)c2c(Cl)cccc2Cl 
difluron,1,310.687,2,2,2,58.2,-6.02,Fc1cccc(F)c1C(=O)NC(=O)Nc2ccc(Cl)cc2
Triclosan,1,289.545,1,2,2,29.46,-4.46,Oc1cc(Cl)ccc1Oc2ccc(Cl)cc2Cl
diisooctyl phthalate,1,390.564,0,1,14,52.6,-6.6370000000000005,c1(C(=O)OCCCCCC(C)(C))c(C(=O)OCCCCCC(C)(C))cccc1
Corticosterone,1,346.467,2,4,2,74.6,-3.24,CC12CC(O)C3C(CCC4=CC(=O)CCC34C)C2CCC1C(=O)CO
"1,3,5-Trimethylbenzene ",1,120.195,0,1,0,0.0,-3.4,Cc1cc(C)cc(C)c1
dioctyl phthalate,1,390.564,0,1,16,52.6,-5.115,CCCCCCCCOC(=O)c1ccccc1C(=O)OCCCCCCCC 
1-Pentadecanol,1,228.42,1,0,13,20.23,-6.35,CCCCCCCCCCCCCCCO
"2,2',6,6'-PCB",1,291.992,0,2,1,0.0,-7.39,Clc1cccc(Cl)c1c2c(Cl)cccc2Cl 
"5,5-Dimethylbarbituric acid",1,156.141,2,1,0,75.27,-1.742,O=C1NC(=O)NC(=O)C1(C)C
2-Iodopropane,1,169.993,0,0,0,0.0,-2.09,CC(C)I
"1,2-Dinitrobenzene",1,168.108,0,1,2,86.28,-3.1,O=N(=O)c1ccccc1N(=O)=O
3-Methyl-2-butanone,1,86.134,0,0,1,17.07,-0.12,CC(C)C(=O)C
Hexadecane,1,226.44799999999998,0,0,13,0.0,-8.4,CCCCCCCCCCCCCCCC
"1,8-Cineole",1,154.253,0,3,0,9.23,-1.74,CC12CCC(CC1)C(C)(C)O2
Tricyclazole,1,189.243,0,3,0,30.19,-2.07,Cc2cccc3sc1nncn1c23 
2-Octanone,1,128.215,0,0,5,17.07,-2.05,CCCCCCC(=O)C
Methyl nonanoate,1,172.268,0,0,7,26.3,-3.38,CCCCCCCCC(=O)OC
"1,4-Difluorobenzene",1,114.094,0,1,0,0.0,-1.97,Fc1ccc(F)cc1
Thalidomide,1,258.233,1,3,1,83.55,-2.676,O=C1N(C2CCC(=O)NC2=O)C(=O)c3ccccc13
Trifluralin,1,335.282,0,1,7,89.52,-5.68,CCCN(CCC)c1c(cc(cc1N(=O)=O)C(F)(F)F)N(=O)=O
Ethanol,1,46.068999999999996,1,0,0,20.23,1.1,CCO
Cyclopentyl-5-spirobarbituric acid,1,182.179,2,2,0,75.27,-2.349,O=C2NC(=O)C1(CCCC1)C(=O)N2
Carbetamide,1,236.271,2,1,4,67.43,-1.83,c1c(NC(=O)OC(C)C(=O)NCC)cccc1
phenothrin,1,350.458,0,3,6,35.53,-5.24,CC(C)=CC3C(C(=O)OCc2cccc(Oc1ccccc1)c2)C3(C)C 
Cycluron,1,198.31,1,1,1,32.34,-2.218,CN(C)C(=O)NC1CCCCCCC1
Mirex,1,545.5459999999999,0,6,0,0.0,-6.8,ClC1(C2(Cl)C3(Cl)C4(Cl)C5(Cl)C1(Cl)C3(Cl)Cl)C5(Cl)C(Cl)(Cl)C24Cl
1-Bromooctane,1,193.128,0,0,6,0.0,-5.06,CCCCCCCCBr
Benomyl,1,290.323,2,2,4,85.25,-4.883,CCCCNC(=O)n1c(NC(=O)OC)nc2ccccc12
aminopyrine,1,231.299,0,2,2,30.17,-0.364,CN(C)c2c(C)n(C)n(c1ccccc1)c2=O 
3-Pentanol,1,88.15,1,0,2,20.23,-0.24,CCC(O)CC
p-Nitrotoluene,1,137.138,0,1,1,43.14,-2.49,Cc1ccc(cc1)N(=O)=O
4-Methylpentanol,1,102.177,1,0,3,20.23,-1.14,CC(C)CCCO
Norethisterone,1,314.425,2,4,0,57.53,-4.57,CC34CCC1C(CCC2=CC(=O)CCC12O)C3CCC4(O)C#C
bromopropylate,1,428.12,1,2,4,46.53,-4.93,CC(C)OC(=O)C(O)(c1ccc(Br)cc1)c2ccc(Br)cc2 
Pyrazon,1,221.64700000000002,1,2,1,60.91,-2.878,Nc2cnn(c1ccccc1)c(=O)c2Cl
2-Methylbutan-2-ol,1,88.15,1,0,1,20.23,0.15,CCC(C)(C)O
p-Cresol,1,108.14,1,1,0,20.23,-0.73,Cc1ccc(O)cc1
Ethyl formate,1,74.079,0,0,2,26.3,0.15,CCOC=O
"N,N-Dimethylaniline",1,121.18299999999999,0,1,1,3.24,-1.92,CN(C)c1ccccc1
Decalin,2,138.254,0,2,0,0.0,-5.19,C1CCC2CCCCC2C1
Butanethiol ,1,90.191,1,0,2,0.0,-2.18,CCCCS
Benzo(e)pyrene,2,252.31599999999997,0,5,0,0.0,-7.8,c1ccc2c(c1)c3cccc4ccc5cccc2c5c43
Tetrachloroethylene,1,165.834,0,0,0,0.0,-2.54,ClC(=C(Cl)Cl)Cl
3-Pentanone,1,86.134,0,0,2,17.07,-0.28,CCC(=O)CC
Acrylonitrile,1,53.06399999999999,0,0,0,23.79,0.15,C=CC#N
Flumethasone,1,410.457,3,4,2,94.83,-5.6129999999999995,CC1CC2C3CC(F)C4=CC(=O)C=CC4(C)C3(F)C(O)CC2(C)C1(O)C(=O)CO
2-Hexanone,1,100.161,0,0,3,17.07,-0.8,CCCCC(=O)C
Terbumeton,1,225.296,2,1,4,71.96,-3.239,CCNc1nc(NC(C)(C)C)nc(OC)n1
3-Methylheptane,1,114.23200000000001,0,0,4,0.0,-5.16,CCCCC(C)CC
"1,2-Dibromoethane",1,187.862,0,0,1,0.0,-1.68,BrCCBr
Isoprocarb,1,193.24599999999998,1,1,2,38.33,-2.863,CNC(=O)Oc1ccccc1C(C)C
Niridazole,1,214.206,1,2,2,88.37,-3.22,O=C1NCCN1c2ncc(s2)N(=O)=O
Benzo(a)fluorene,2,216.283,0,4,0,0.0,-6.68,C1c2ccccc2c3ccc4ccccc4c13
2-Chloroanisole,1,142.585,0,1,1,9.23,-2.46,COc1ccccc1Cl
Bromophos,1,366.0,0,1,4,27.69,-6.09,COP(=S)(OC)Oc1cc(Cl)c(Br)cc1Cl
Quinonamid,1,332.57,1,2,3,63.24,-5.03,ClC(Cl)CC(=O)NC2=C(Cl)C(=O)c1ccccc1C2=O
"P,P'-DDD",1,320.046,0,2,3,0.0,-7.2,ClC(Cl)C(c1ccc(Cl)cc1)c2ccc(Cl)cc2 
Methyl acrylate,1,86.09,0,0,1,26.3,-0.22,COC(=O)C=C
Chloroxuron,1,290.75,1,2,3,41.57,-4.89,CN(C)C(=O)Nc2ccc(Oc1ccc(Cl)cc1)cc2
Azobenzene,2,182.226,0,2,2,24.72,-4.45,N(=Nc1ccccc1)c2ccccc2
4-Isopropyltoluene,1,134.222,0,1,1,0.0,-3.77,CC(C)c1ccc(C)cc1
"2,6-Dichlorophenol",1,163.003,1,1,0,20.23,-1.79,Oc1c(Cl)cccc1Cl
Sucrose,1,342.29699999999997,8,2,5,189.53,0.79,OCC2OC(OC1(CO)OC(CO)C(O)C1O)C(O)C(O)C2O 
d-inositol,1,180.15599999999998,6,1,0,121.38,0.35,OC1C(O)C(O)C(O)C(O)C1O
Dyphylline,1,254.24599999999998,2,2,3,102.28,-0.17,Cn2c(=O)n(C)c1ncn(CC(O)CO)c1c2=O
Chloramphenicol,1,323.132,3,1,6,112.7,-2.1109999999999998,OCC(NC(=O)C(Cl)Cl)C(O)c1ccc(cc1)N(=O)=O
3-Ethyl-3-pentanol,1,116.204,1,0,3,20.23,-0.85,CCC(O)(CC)CC
Epitostanol,1,306.515,1,5,0,20.23,-5.41,CC45CCC2C(CCC3CC1SC1CC23C)C4CCC5O
"1,2-Dibromobenzene",1,235.90599999999998,0,1,0,0.0,-3.5,Brc1ccccc1Br
"2,4,6-Trichlorophenol",1,197.44799999999998,1,1,0,20.23,-2.34,Oc1c(Cl)cc(Cl)cc1Cl
oryzalin,1,346.365,1,1,8,149.68,-5.16,CCCN(CCC)c1c(cc(cc1N(=O)=O)S(N)(=O)=O)N(=O)=O
RTI 20,1,255.292,0,3,2,20.31,-4.7989999999999995,C2c1ccccc1N(CCF)C(=O)c3ccccc23 
"2,4-Dimethyl-3-pentanone",1,114.18799999999999,0,0,2,17.07,-1.3,CC(C)C(=O)C(C)C
5-(3-Methyl-2-butenyl)-5-isoPrbarbital,1,238.287,2,1,3,75.27,-2.593,O=C1NC(=O)NC(=O)C1(C(C)C)CC=C(C)C
gentisin,1,262.26099999999997,2,3,1,75.99,-2.943,c1c(O)C2C(=O)C3cc(O)ccC3OC2cc1(OC)
Caffeine,1,194.19400000000002,0,2,0,61.82,-0.8759999999999999,Cn1cnc2n(C)c(=O)n(C)c(=O)c12
Spironolactone,1,416.583,0,5,1,60.44,-4.173,CC(=O)SC4CC1=CC(=O)CCC1(C)C5CCC2(C)C(CCC23CCC(=O)O3)C45
"3,4-Dimethylphenol",1,122.167,1,1,0,20.23,-1.38,Cc1ccc(O)cc1C
Diphenyl ether ,2,170.21099999999998,0,2,2,9.23,-3.96,O(c1ccccc1)c2ccccc2
"2,2',4,4',5,5'-PCB",1,360.88199999999995,0,2,1,0.0,-8.56,Clc1cc(Cl)c(cc1Cl)c2cc(Cl)c(Cl)cc2Cl 
nicotinamide,1,122.12700000000001,1,1,1,55.98,0.61,NC(=O)c1cccnc1 
Thiophenol ,1,110.181,1,1,0,0.0,-2.12,Sc1ccccc1
XMC,1,179.21900000000002,1,1,1,38.33,-2.5810000000000004,CNC(=O)Oc1cc(C)cc(C)c1
Chlordane,1,409.782,0,3,0,0.0,-6.86,ClC1CC2C(C1Cl)C3(Cl)C(=C(Cl)C2(Cl)C3(Cl)Cl)Cl
Dimethyldisulfide,1,94.204,0,0,1,0.0,-1.44,CSSC
Benzamide,1,121.139,1,1,1,43.09,-0.96,NC(=O)c1ccccc1
o-Chlorobromobenzene,1,191.455,0,1,0,0.0,-3.19,Clc1ccccc1Br
Monotropitoside,1,446.405,6,3,6,184.6,-0.742,COC(=O)c1ccccc1OC2OC(COC3OCC(O)C(O)C3O)C(O)C(O)C2O
3-Heptanol ,1,116.204,1,0,4,20.23,-1.47,CCCCC(O)CC
RTI 15,1,268.32,1,3,1,58.12,-4.553999999999999,CCN2c1nc(C)cc(C)c1NC(=O)c3cccnc23 
"3,5-Dichlorophenol",1,163.003,1,1,0,20.23,-1.34,Oc1cc(Cl)cc(Cl)c1
1-Methylphenanthrene,1,192.261,0,3,0,0.0,-5.85,Cc1cccc2c1ccc3ccccc32
2-Ethyl-1-hexanol,1,130.231,1,0,5,20.23,-2.11,CCCCC(CC)CO
Diallate,1,270.225,0,0,4,20.31,-4.2860000000000005,CC(C)N(C(C)C)C(=O)SCC(=CCl)Cl
Toluene ,1,92.141,0,1,0,0.0,-2.21,Cc1ccccc1
Nitrapyrin,1,230.90900000000002,0,1,0,12.89,-3.76,Clc1cccc(n1)C(Cl)(Cl)Cl
Cycloheptene,2,96.17299999999999,0,1,0,0.0,-3.18,C1CCC=CCC1
Thiram,1,240.44400000000002,0,0,0,6.48,-3.9,CN(C)C(=S)SSC(=S)N(C)C 
Griseofulvin,1,352.77,0,3,3,71.06,-3.2460000000000004,COC1=CC(=O)CC(C)C13Oc2c(Cl)c(OC)cc(OC)c2C3=O
1-Decanol,1,158.285,1,0,8,20.23,-3.63,CCCCCCCCCCO
"3,3-Dimethylpentane",1,100.205,0,0,2,0.0,-4.23,CCC(C)(C)CC
vamidothion,1,287.343,1,0,8,64.63,1.1440000000000001,CNC(=O)C(C)SCCSP(=O)(OC)(OC)
"2,3,4,5-Tetrachlorophenol",1,231.893,1,1,0,20.23,-3.15,Oc1cc(Cl)c(Cl)c(Cl)c1Cl
Butyraldehyde,1,72.107,0,0,2,17.07,-0.01,CCCC=O
dexamethasone acetate,1,434.504,2,4,3,100.9,-4.9,CC4CC3C2CCC1=CC(=O)C=CC1(C)C2(F)C(O)CC3(C)C4(O)C(=O)COC(C)=O 
Butane,1,58.123999999999995,0,0,1,0.0,-2.57,CCCC
o-Methoxyphenol,1,124.139,1,1,1,29.46,-1.96,COc1ccccc1O
Fluoromethalone,1,376.468,2,4,1,74.6,-4.099,CC1CC2C3CCC(O)(C(=O)C)C3(C)CC(O)C2(F)C4(C)C=CC(=O)C=C14
Pentachloroethane,1,202.295,0,0,0,0.0,-2.6,ClC(Cl)C(Cl)(Cl)Cl
Diethyl phthalate ,1,222.24,0,1,4,52.6,-2.35,CCOC(=O)c1ccccc1C(=O)OCC
2-Methylpropan-1-ol,1,74.123,1,0,1,20.23,0.1,CC(C)CO
Isobutylbenzene,1,134.222,0,1,2,0.0,-4.12,CC(C)Cc1ccccc1
Diiodomethane,1,267.835,0,0,0,0.0,-2.34,ICI
4-Heptanol,1,116.204,1,0,4,20.23,-1.4,CCCC(O)CCC
Pentyl acetate,1,130.187,0,0,4,26.3,-1.89,CCCCCOC(=O)C
"2,3,5,6-Tetrachlorophenol",1,231.893,1,1,0,20.23,-3.37,Oc1c(Cl)c(Cl)cc(Cl)c1Cl
Propylbenzene ,1,120.195,0,1,2,0.0,-3.37,CCCc1ccccc1
"1,2-Dichlorotetrafluoroethane",1,170.92,0,0,1,0.0,-2.74,FC(F)(Cl)C(F)(F)Cl
2-butenal,1,70.09100000000001,0,0,1,17.07,0.32,CC=CC=O
tetramethylurea,1,116.164,0,0,0,23.55,0.94,CN(C)C(=O)N(C)C 
"1,2,4,5-Tetramethylbenzene",1,134.222,0,1,0,0.0,-4.59,Cc1cc(C)c(C)cc1C
norethindrone acetate,1,340.463,0,4,1,43.37,-4.8,CC(=O)OC3(CCC4C2CCC1=CC(=O)CCC1C2CCC34C)C#C
Ditalimfos,1,299.288,0,2,5,55.84,-3.35,CCOP(=S)(OCC)N2C(=O)c1ccccc1C2=O
salicylanilide,1,213.236,2,2,2,49.33,-3.59,c1ccccc1NC(=O)c2c(O)cccc2
Sulfallate,1,223.794,0,0,4,3.24,-3.39,CCN(CC)C(=S)SCC(Cl)=C
Chloroethane,1,64.515,0,0,0,0.0,-1.06,ClCC
Mefluidide,1,310.297,2,1,3,75.27,-3.24,CC(=O)Nc1cc(NS(=O)(=O)C(F)(F)F)c(C)cc1C
Piperine,1,285.343,0,3,3,38.77,-3.46,O=C(C=CC=Cc2ccc1OCOc1c2)N3CCCCC3
cis-2-Pentene,1,70.135,0,0,1,0.0,-2.54,CC/C=C\C
thiofanox,1,218.322,1,0,3,50.69,-1.62,CNC(=O)ON=C(CSC)C(C)(C)C 
Cyclooctyl-5-spirobarbituric acid,1,224.26,2,2,0,75.27,-2.9819999999999998,O=C2NC(=O)C1(CCCCCCC1)C(=O)N2
butacarb,1,263.381,1,1,1,38.33,-4.24,c1(C(C)(C)C)cc(C(C)(C)C)cc(OC(=O)NC)c1
Eriodictyol,1,288.255,4,3,1,107.22,-3.62,Oc2cc(O)c1C(=O)CC(Oc1c2)c3ccc(O)c(O)c3
Benzophenone,1,182.222,0,2,2,17.07,-3.12,O=C(c1ccccc1)c2ccccc2
Eicosane,1,282.556,0,0,17,0.0,-8.172,CCCCCCCCCCCCCCCCCCCC
hydrazobenzene,2,184.24200000000002,2,2,3,24.06,-2.92,N(Nc1ccccc1)c2ccccc2 
2-Ethyl-1-butanol,1,102.177,1,0,3,20.23,-1.17,CCC(CC)CO
4-hydroxypyridine,1,95.101,1,1,0,33.12,1.02,Oc1ccncc1
"cis 1,2-Dichloroethylene",1,96.944,0,0,0,0.0,-1.3,Cl\C=C/Cl
Methylcyclopentane,1,84.162,0,1,0,0.0,-3.3,CC1CCCC1
4-Methyl-2-pentanol,1,102.177,1,0,2,20.23,-0.8,CC(C)CC(C)O
RTI 11,1,254.28900000000002,1,3,0,55.56,-3.928,O2c1ccc(N)cc1N(C)C(=O)c3cc(C)ccc23 
"2,2-Dimethylpropanol",1,88.15,1,0,0,20.23,-0.4,CC(C)(C)CO
Triadimefon,1,293.754,0,2,4,57.01,-3.61,CC(C)(C)C(=O)C(Oc1ccc(Cl)cc1)n2cncn2
Isocarboxazid,1,231.255,2,2,4,67.16,-2.461,Cc1cc(no1)C(=O)NNCc2ccccc2
Propylene,1,42.081,0,0,0,0.0,-1.08,CC=C
Dichlorophen,1,269.127,2,2,2,40.46,-3.9530000000000003,Oc1ccc(Cl)cc1Cc2cc(Cl)ccc2O
Desmedipham,1,300.314,2,2,4,76.66,-4.632,CCOC(=O)Nc2cccc(OC(=O)Nc1ccccc1)c2 
Anthraquinone,1,208.21599999999998,0,3,0,34.14,-5.19,O=C1c2ccccc2C(=O)c3ccccc13
2-Octanol,1,130.231,1,0,5,20.23,-2.09,CCCCCCC(C)O
Oxycarboxin,1,267.306,1,2,2,72.47,-2.281,CC1=C(C(=O)Nc2ccccc2)S(=O)(=O)CCO1
Butylbenzene,1,134.222,0,1,3,0.0,-4.06,CCCCc1ccccc1
parabanic acid,1,114.06,2,1,0,75.27,-0.4,O=C1NC(=O)C(=O)N1 
Abate,1,466.47900000000004,0,2,10,55.38,-6.237,COP(=S)(OC)Oc1ccc(Sc2ccc(OP(=S)(OC)OC)cc2)cc1
Chlorthalidone,1,338.772,3,3,2,109.49,-3.451,NS(=O)(=O)c1cc(ccc1Cl)C2(O)NC(=O)c3ccccc23
Isobutyl acetate,1,116.16,0,0,2,26.3,-1.21,CC(C)COC(=O)C
"2,2,3-Trimethylbutane",1,100.205,0,0,0,0.0,-4.36,CC(C)C(C)(C)C
"2,3,3',4,4'6-PCB",1,395.327,0,2,1,0.0,-7.66,Clc1ccc(c(Cl)c1Cl)c2c(Cl)cc(Cl)c(Cl)c2Cl 
Phthalonitrile,1,128.134,0,1,0,47.58,-2.38,N#Cc1ccccc1C#N
m-Nitrotoluene,1,137.138,0,1,1,43.14,-2.44,Cc1cccc(c1)N(=O)=O
halothane,1,197.38099999999997,0,0,0,0.0,-1.71,FC(F)(F)C(Cl)Br 
Oxamyl,1,219.266,1,0,1,71.0,0.106,CNC(=O)ON=C(SC)C(=O)N(C)C
Thiometon,1,246.359,0,0,7,18.46,-3.091,CCSCCSP(=S)(OC)OC
2-Methylbutane,1,72.15100000000001,0,0,1,0.0,-3.18,CCC(C)C
Stirofos,1,365.964,0,1,5,44.76,-4.522,COP(=O)(OC)OC(=CCl)c1cc(Cl)c(Cl)cc1Cl
